{"id":"b891e8c2-e7bf-445e-be8e-9056c9e2ff13","name":"WF_Credit","description":"practice","settings":{"global":{"executionMode":"marathon","driverDockerImage":"{{{SparkConfigurations.SPARK_DRIVER_DOCKER_IMAGE}}}","driverDockerVolumes":"{{{SparkConfigurations.SPARK_DRIVER_DOCKER_VOLUMES}}}","executorDockerImage":"{{{SparkConfigurations.SPARK_EXECUTOR_DOCKER_IMAGE}}}","executorDockerVolumes":"{{{SparkConfigurations.SPARK_EXECUTOR_DOCKER_VOLUMES}}}","userPluginsJars":[],"preExecutionSqlSentences":[],"postExecutionSqlSentences":[],"mesosConstraintOperator":"CLUSTER","parametersLists":["Environment","SparkResources","SparkConfigurations"],"parametersUsed":["SparkConfigurations.SPARK_DRIVER_DOCKER_IMAGE","SparkConfigurations.SPARK_DRIVER_DOCKER_VOLUMES","SparkConfigurations.SPARK_DRIVER_JAVA_OPTIONS","SparkConfigurations.SPARK_DYNAMIC_ALLOCATION_EXECUTOR_ALLOCATION_RATIO","SparkConfigurations.SPARK_DYNAMIC_ALLOCATION_EXECUTOR_IDLE_TIMEOUT","SparkConfigurations.SPARK_DYNAMIC_ALLOCATION_MIN_EXECUTORS","SparkConfigurations.SPARK_DYNAMIC_ALLOCATION_SCHEDULER_BACKLOG_TIMEOUT","SparkConfigurations.SPARK_EXECUTOR_DOCKER_IMAGE","SparkConfigurations.SPARK_EXECUTOR_DOCKER_VOLUMES","SparkConfigurations.SPARK_EXECUTOR_EXTRA_JAVA_OPTIONS","SparkConfigurations.SPARK_HISTORY_SERVER_EVENT_LOG_ROTATE_NUM","SparkConfigurations.SPARK_HISTORY_SERVER_EVENT_LOG_ROTATE_SIZE","SparkConfigurations.SPARK_LOCALITY_WAIT","SparkConfigurations.SPARK_MEMORY_FRACTION","SparkConfigurations.SPARK_TASK_MAX_FAILURES","SparkResources.SPARK_CORES_MAX","SparkResources.SPARK_DRIVER_CORES","SparkResources.SPARK_DRIVER_MEMORY","SparkResources.SPARK_EXECUTOR_CORES","SparkResources.SPARK_EXECUTOR_MEMORY","SparkResources.SPARK_MESOS_SHUTDOWN"],"udfsToRegister":[],"udafsToRegister":[],"marathonDeploymentSettings":{"gracePeriodSeconds":"240","intervalSeconds":"30","timeoutSeconds":"20","maxConsecutiveFailures":"3","forcePullImage":true,"privileged":false,"userEnvVariables":[],"userLabels":[]},"enableQualityRules":true},"streamingSettings":{"window":"2s","backpressure":false,"blockInterval":"100ms","stopGracefully":true,"checkpointSettings":{"checkpointPath":"sparta/checkpoint","enableCheckpointing":true,"autoDeleteCheckpoint":true,"addTimeToCheckpointPath":false,"keepSameCheckpoint":false}},"sparkSettings":{"sparkKerberos":true,"sparkDataStoreTls":true,"sparkMesosSecurity":true,"submitArguments":{"userArguments":[],"deployMode":{},"driverJavaOptions":"{{{SparkConfigurations.SPARK_DRIVER_JAVA_OPTIONS}}}"},"sparkConf":{"sparkResourcesConf":{"coresMax":"{{{SparkResources.SPARK_CORES_MAX}}}","executorMemory":"{{{SparkResources.SPARK_EXECUTOR_MEMORY}}}","executorCores":"{{{SparkResources.SPARK_EXECUTOR_CORES}}}","driverCores":"{{{SparkResources.SPARK_DRIVER_CORES}}}","driverMemory":"{{{SparkResources.SPARK_DRIVER_MEMORY}}}","localityWait":"{{{SparkConfigurations.SPARK_LOCALITY_WAIT}}}","taskMaxFailures":"{{{SparkConfigurations.SPARK_TASK_MAX_FAILURES}}}","sparkMemoryFraction":"{{{SparkConfigurations.SPARK_MEMORY_FRACTION}}}","executorInstances":"1"},"sparkHistoryServerConf":{"enableHistoryServerMonitoring":false,"sparkHistoryServerEventLogRotateEnable":false,"sparkHistoryServerEventLogRotateNum":"{{{SparkConfigurations.SPARK_HISTORY_SERVER_EVENT_LOG_ROTATE_NUM}}}","sparkHistoryServerEventLogRotateSize":"{{{SparkConfigurations.SPARK_HISTORY_SERVER_EVENT_LOG_ROTATE_SIZE}}}"},"sparkDynamicAllocationConf":{"enableDynamicAllocation":false,"sparkDynamicAllocationExecutorIdleTimeout":"{{{SparkConfigurations.SPARK_DYNAMIC_ALLOCATION_EXECUTOR_IDLE_TIMEOUT}}}","sparkDynamicAllocationMinExecutors":"{{{SparkConfigurations.SPARK_DYNAMIC_ALLOCATION_MIN_EXECUTORS}}}","sparkDynamicAllocationExecutorAllocationRatio":"{{{SparkConfigurations.SPARK_DYNAMIC_ALLOCATION_EXECUTOR_ALLOCATION_RATIO}}}","sparkDynamicAllocationSchedulerBacklogTimeout":"{{{SparkConfigurations.SPARK_DYNAMIC_ALLOCATION_SCHEDULER_BACKLOG_TIMEOUT}}}","sparkDynamicAllocationVolumeShuffle":"/var/lib/spark_data"},"userSparkConf":[],"coarse":true,"sparkUser":"root","sparkVolumeShuffle":"/var/lib/spark_data_nodynamic","sparkKryoSerialization":false,"sparkSqlCaseSensitive":true,"logStagesProgress":false,"hdfsTokenCache":true,"executorExtraJavaOptions":"{{{SparkConfigurations.SPARK_EXECUTOR_EXTRA_JAVA_OPTIONS}}}","stopGracefullyTimeout":"{{{SparkResources.SPARK_MESOS_SHUTDOWN}}}"}},"errorsManagement":{"genericErrorManagement":{"whenError":"Error"},"transformationStepsManagement":{"whenError":"Error","whenRowError":"RowError","whenFieldError":"FieldError"},"transactionsManagement":{"sendToOutputs":[],"sendStepData":false,"sendPredecessorsData":true,"sendInputData":true}},"pythonEnvDefinition":{"definition":"name: rocket-default\n\nchannels:\n  - defaults\n\ndependencies:\n  - python=3.7.6\n  - pip=20.2.2\n  - pip:\n      - mlflow==1.11.0\n      - pyspark==2.4.4\n      - pyarrow==0.14.1\n      - scikit-learn==0.22.1\n\n"}},"pipelineGraph":{"nodes":[{"name":"MlModel","stepType":"Transformation","className":"MlModelTransformStep","classPrettyName":"MlModel","arity":["UnaryToNary"],"uiConfiguration":{"position":{"x":598.0,"y":86.00003051757812}},"configuration":{"priority":"50","selectMlType":"MlModelAsset","_assetModelGroup":"/home/esrios-ds-practice","assetId":"6fc1bcfd-3f4e-4eb8-8880-2c9e24844b15","inputSchemas":"[]","_assetModelName":"model","MlModelAux":"","errorTableName":"","useLatestVersion":true},"supportedEngines":["Batch","Streaming"],"executionEngine":"Batch","supportedDataRelations":["ValidData"],"lineageProperties":[],"outputsWriter":[{"saveMode":"Append","outputStepName":"Print","tableName":"certification/students/esrios/credit_test","discardTableName":"","extraOptions":{"checkIfEmpty":""}}]},{"name":"Print","stepType":"Output","className":"PrintOutputStep","classPrettyName":"Print","arity":["NullaryToNullary","NaryToNullary"],"uiConfiguration":{"position":{"x":841.0,"y":208.99998474121094}},"configuration":{"priority":"50","printData":true,"printSchema":false,"errorSink":false,"printMetadata":true,"errorTableName":"","logLevel":"warn"},"supportedEngines":["Streaming","Batch"],"executionEngine":"Batch","lineageProperties":[],"outputsWriter":[]},{"name":"Crossdata_1","stepType":"Input","className":"CrossdataInputStep","classPrettyName":"Crossdata","arity":["NullaryToNary"],"uiConfiguration":{"position":{"x":331.0,"y":205.0}},"configuration":{"crossdata":"{\"database\":\"default\",\"table\":\"client_credit_requests_today\"}","debugOptions":"{\"description\":\"\",\"mockType\":\"SqlQuery\",\"mockMetadata\":{\"sqlQuery\":\"select * from default.client_credit_requests_today limit 10\",\"limit\":\"\"},\"properties\":{}}","errorTableName":"","priority":"50"},"supportedEngines":["Batch"],"executionEngine":"Batch","supportedDataRelations":["ValidData"],"lineageProperties":[],"outputsWriter":[]}],"edges":[{"origin":"MlModel","destination":"Print","dataType":"ValidData"},{"origin":"Crossdata_1","destination":"MlModel","dataType":"ValidData"}],"annotations":[],"nodeGroups":[]},"executionEngine":"Batch","workflowType":"SpartaWorkflow","uiSettings":{"position":{"x":0.0,"y":0.0,"k":1.0}},"creationDate":"2021-08-03T09:32:49Z","lastUpdateDate":"2021-08-03T09:32:49Z","version":0,"readOnly":false,"releaseInProgress":false,"group":{"id":"29b44175-7a54-41be-a245-aa78aa928f74","name":"/home/data-scientist-esrios","versionSparta":"1.4.0"},"tags":[],"debugMode":false,"versionSparta":"1.4.0","groupId":"29b44175-7a54-41be-a245-aa78aa928f74","workflowMasterId":"4ddc3e5f-00e3-4d6c-9bfb-3ac6713f0773","projectId":"f0562936-9e33-4c45-b785-c9844ea92dd8","normalizedName":"wf-credit"}