{"name":"MLmodel","description":"","group":{"id":"29b44175-7a54-41be-a245-aa78aa928f74","name":"/home/data-scientist-esrios","versionSparta":"1.4.0"},"groupId":"29b44175-7a54-41be-a245-aa78aa928f74","normalizedName":"mlmodel","projectId":"f0562936-9e33-4c45-b785-c9844ea92dd8","framework":"MlFlow","problemType":"binary_classification","creationDate":"2021-08-03T09:59:01Z","lastUpdateDate":"2021-08-03T09:59:01Z","version":0,"readOnly":false,"tags":[],"id":"a1219344-f7ca-41a1-baab-a8aa40b0b2ed","assetId":"5059473f-0d5a-4b4c-a1ef-88c7e23a0992","metadata":{"inputSchema":{"schema":"{\"type\":\"struct\",\"fields\":[{\"name\":\"Age\",\"type\":\"integer\",\"nullable\":true,\"metadata\":{}},{\"name\":\"Checking_account\",\"type\":\"string\",\"nullable\":true,\"metadata\":{}},{\"name\":\"Credit_amount\",\"type\":\"integer\",\"nullable\":true,\"metadata\":{}},{\"name\":\"Duration\",\"type\":\"integer\",\"nullable\":true,\"metadata\":{}},{\"name\":\"Housing\",\"type\":\"string\",\"nullable\":true,\"metadata\":{}},{\"name\":\"Job\",\"type\":\"integer\",\"nullable\":true,\"metadata\":{}},{\"name\":\"Purpose\",\"type\":\"string\",\"nullable\":true,\"metadata\":{}},{\"name\":\"Saving_accounts\",\"type\":\"string\",\"nullable\":true,\"metadata\":{}},{\"name\":\"Sex\",\"type\":\"string\",\"nullable\":true,\"metadata\":{}}]}"},"trainingData":[],"row":"{\"values\":[1,\"string\",1,1,\"string\",1,\"string\",\"string\",\"string\"],\"schema\":{\"structType\":{\"type\":\"struct\",\"fields\":[{\"name\":\"Age\",\"type\":\"integer\",\"nullable\":true,\"metadata\":{}},{\"name\":\"Checking_account\",\"type\":\"string\",\"nullable\":true,\"metadata\":{}},{\"name\":\"Credit_amount\",\"type\":\"integer\",\"nullable\":true,\"metadata\":{}},{\"name\":\"Duration\",\"type\":\"integer\",\"nullable\":true,\"metadata\":{}},{\"name\":\"Housing\",\"type\":\"string\",\"nullable\":true,\"metadata\":{}},{\"name\":\"Job\",\"type\":\"integer\",\"nullable\":true,\"metadata\":{}},{\"name\":\"Purpose\",\"type\":\"string\",\"nullable\":true,\"metadata\":{}},{\"name\":\"Saving_accounts\",\"type\":\"string\",\"nullable\":true,\"metadata\":{}},{\"name\":\"Sex\",\"type\":\"string\",\"nullable\":true,\"metadata\":{}}]}}}","inputSummary":{"nSamples":1000,"numberOfPartitions":1,"analyzedColumns":[{"jsonClass":"NumericColumn","name":"Age","sparkColType":"IntegerType","minimumValue":19.0,"maximumValue":75.0,"mean":35.546,"standardDeviation":11.375468574317512,"numberOfMissingValues":0,"numberOfInfinityValues":0,"numberOfNANValues":0,"numberOfSamples":1000,"attribute":"numeric","histogram":{"buckets":[19.0,21.8,24.6,27.4,30.2,33.0,35.8,38.6,41.4,44.2,47.0,49.8,52.6,55.4,58.2,61.0,63.8,66.6,69.4,72.2,75.0],"counts":[30,119,142,120,72,105,92,63,56,33,43,29,25,17,9,17,15,6,1,6],"entropy":0.8766750400626758},"histogramOfFrequencies":{"Bin 11 [47.0, 49.8[":43,"Bin 20 [72.2, 75.0]":6,"Bin 16 [61.0, 63.8[":17,"Bin 07 [35.8, 38.6[":92,"Bin 02 [21.8, 24.6[":119,"Bin 14 [55.4, 58.2[":17,"Bin 10 [44.2, 47.0[":33,"Bin 05 [30.2, 33.0[":72,"Bin 01 [19.0, 21.8[":30,"Bin 08 [38.6, 41.4[":63,"Bin 18 [66.6, 69.4[":6,"Bin 04 [27.4, 30.2[":120,"Bin 19 [69.4, 72.2[":1,"Bin 15 [58.2, 61.0[":9,"Bin 06 [33.0, 35.8[":105,"Bin 17 [63.8, 66.6[":15,"Bin 03 [24.6, 27.4[":142,"Bin 12 [49.8, 52.6[":29,"Bin 09 [41.4, 44.2[":56,"Bin 13 [52.6, 55.4[":25},"featureQuality":100},{"jsonClass":"NumericColumn","name":"Credit_amount","sparkColType":"IntegerType","minimumValue":250.0,"maximumValue":18424.0,"mean":3271.2580000000016,"standardDeviation":2822.736875960441,"numberOfMissingValues":0,"numberOfInfinityValues":0,"numberOfNANValues":0,"numberOfSamples":1000,"attribute":"numeric","histogram":{"buckets":[250.0,1158.7,2067.4,2976.1,3884.8,4793.5,5702.2,6610.9,7519.6,8428.3,9337.0,10245.7,11154.4,12063.1,12971.8,13880.5,14789.2,15697.9,16606.6,17515.3,18424.0],"counts":[151,294,170,123,66,31,45,35,24,14,10,9,7,7,2,6,3,2,0,1],"entropy":0.7128135845794158},"histogramOfFrequencies":{"Bin 07 [5702.2, 6610.9[":45,"Bin 03 [2067.4, 2976.1[":170,"Bin 08 [6610.9, 7519.6[":35,"Bin 10 [8428.3, 9337.0[":14,"Bin 12 [10245.7, 11154.4[":9,"Bin 15 [12971.8, 13880.5[":2,"Bin 06 [4793.5, 5702.2[":31,"Bin 04 [2976.1, 3884.8[":123,"Bin 20 [17515.3, 18424.0]":1,"Bin 13 [11154.4, 12063.1[":7,"Bin 09 [7519.6, 8428.3[":24,"Bin 11 [9337.0, 10245.7[":10,"Bin 05 [3884.8, 4793.5[":66,"Bin 19 [16606.6, 17515.3[":0,"Bin 18 [15697.9, 16606.6[":2,"Bin 17 [14789.2, 15697.9[":3,"Bin 02 [1158.7, 2067.4[":294,"Bin 01 [250.0, 1158.7[":151,"Bin 14 [12063.1, 12971.8[":7,"Bin 16 [13880.5, 14789.2[":6},"featureQuality":100},{"jsonClass":"NumericColumn","name":"Duration","sparkColType":"IntegerType","minimumValue":4.0,"maximumValue":72.0,"mean":20.903000000000002,"standardDeviation":12.058814452756371,"numberOfMissingValues":0,"numberOfInfinityValues":0,"numberOfNANValues":0,"numberOfSamples":1000,"attribute":"numeric","histogram":{"buckets":[4.0,7.4,10.8,14.2,17.6,21.0,24.4,27.8,31.2,34.6,38.0,41.4,44.8,48.2,51.6,55.0,58.4,61.8,65.2,68.6,72.0],"counts":[87,84,196,66,121,216,14,43,3,83,6,11,54,0,2,0,13,0,0,1],"entropy":0.7472807262577272},"histogramOfFrequencies":{"Bin 20 [68.6, 72.0]":1,"Bin 08 [27.8, 31.2[":43,"Bin 13 [44.8, 48.2[":54,"Bin 10 [34.6, 38.0[":83,"Bin 09 [31.2, 34.6[":3,"Bin 11 [38.0, 41.4[":6,"Bin 04 [14.2, 17.6[":66,"Bin 03 [10.8, 14.2[":196,"Bin 06 [21.0, 24.4[":216,"Bin 12 [41.4, 44.8[":11,"Bin 14 [48.2, 51.6[":0,"Bin 18 [61.8, 65.2[":0,"Bin 17 [58.4, 61.8[":13,"Bin 16 [55.0, 58.4[":0,"Bin 05 [17.6, 21.0[":121,"Bin 07 [24.4, 27.8[":14,"Bin 15 [51.6, 55.0[":2,"Bin 19 [65.2, 68.6[":0,"Bin 02 [7.4, 10.8[":84,"Bin 01 [4.0, 7.4[":87},"featureQuality":100},{"jsonClass":"CategoricalColumn","name":"Job","sparkColType":"IntegerType","values":["0","1","2","3"],"numberOfMissingValues":0,"numberOfSamples":1000,"attribute":"categorical","occurrenceCounts":{"3":148,"2":630,"1":200,"0":22},"featureQuality":100},{"jsonClass":"CategoricalColumn","name":"Checking_account","sparkColType":"StringType","values":["NA","little","moderate","rich"],"numberOfMissingValues":0,"numberOfSamples":1000,"attribute":"categorical","occurrenceCounts":{"moderate":269,"little":274,"rich":63,"NA":394},"featureQuality":100},{"jsonClass":"CategoricalColumn","name":"Housing","sparkColType":"StringType","values":["free","own","rent"],"numberOfMissingValues":0,"numberOfSamples":1000,"attribute":"categorical","occurrenceCounts":{"free":108,"own":713,"rent":179},"featureQuality":100},{"jsonClass":"CategoricalColumn","name":"Purpose","sparkColType":"StringType","values":["business","car","domestic appliances","education","furniture/equipment","radio/TV","repairs","vacation/others"],"numberOfMissingValues":0,"numberOfSamples":1000,"attribute":"categorical","occurrenceCounts":{"business":97,"car":337,"repairs":22,"vacation/others":12,"education":59,"furniture/equipment":181,"radio/TV":280,"domestic appliances":12},"featureQuality":100},{"jsonClass":"CategoricalColumn","name":"Saving_accounts","sparkColType":"StringType","values":["NA","little","moderate","quite rich","rich"],"numberOfMissingValues":0,"numberOfSamples":1000,"attribute":"categorical","occurrenceCounts":{"NA":183,"rich":48,"moderate":103,"quite rich":63,"little":603},"featureQuality":100},{"jsonClass":"BinaryColumn","name":"Sex","sparkColType":"StringType","values":["female","male"],"numberOfMissingValues":0,"numberOfSamples":1000,"attribute":"binary","occurrenceCounts":{"male":690,"female":310},"featureQuality":100},{"jsonClass":"BinaryColumn","name":"Risk","sparkColType":"StringType","values":["bad","good"],"numberOfMissingValues":0,"numberOfSamples":1000,"attribute":"binary","occurrenceCounts":{"good":700,"bad":300},"featureQuality":100}]},"mlflowModelMetadata":{"size":0,"conda":{"channels":["defaults","conda-forge"],"dependencies":["python=3.7.6","scikit-learn=0.22.1","pip",{"pip":["mlflow","cloudpickle==1.6.0"]}],"name":"mlflow-env"},"mlModel":{"artifact_path":"model_risk","flavors":{"python_function":{"env":"conda.yaml","loader_module":"mlflow.sklearn","model_path":"model.pkl","python_version":"3.7.6"},"sklearn":{"pickled_model":"model.pkl","serialization_format":"cloudpickle","sklearn_version":"0.22.1"}},"run_id":"a09a00664c284f5ba57f8b5140138329","utc_time_created":"2021-08-03 09:55:42.045433"},"restRequestSample":"{\"columns\":[\"Age\",\"Checking_account\",\"Credit_amount\",\"Duration\",\"Housing\",\"Job\",\"Purpose\",\"Saving_accounts\",\"Sex\"],\"index\":[0],\"data\":[[1,\"string\",1,1,\"string\",1,\"string\",\"string\",\"string\"]]}"}},"metrics":{"id":"b1c65e9f-d5e1-4d8d-853c-f1f4489bdfe8","metrics":[{"jsonClass":"MlProjectMetric","id":"fa4709d6-c0f1-4d52-88a3-d94a96fbfc2e","name":"Execution and model metrics","data":[{"name":"Accuracy","values":[{"timestamp":"1627984542043","value":0.728,"step":0}]}],"type":"mlProjectMetric"}]},"versionSparta":"1.4.0","serializations":[{"lib":"mlflowproject","libVersion":"1.11.0","mlModelVersionId":"a1219344-f7ca-41a1-baab-a8aa40b0b2ed","deploymentSettings":{"dockerImage":"qa.int.com/stratio/mlflow-microservice:0.13.0","cpus":"1.0","mem":"1024","instances":1,"extraEnviron":{},"executionMode":"marathon","parametersLists":[]},"versionSparta":"1.4.0","mlFlowFlavors":["python_function","sklearn"]}],"serializationsWithBinary":[]}