{"id":"8a6fce1c-dd9e-4cf1-9620-dcd5f3a93b1e","name":"WF_Credit1","description":"","settings":{"global":{"executionMode":"marathon","driverDockerImage":"qa.int.stratio.com/stratio/rocket-driver:1.4.0","driverDockerVolumes":"{{{SparkConfigurations.SPARK_DRIVER_DOCKER_VOLUMES}}}","executorDockerImage":"qa.int.stratio.com/stratio/rocket-executor:1.4.0","executorDockerVolumes":"{{{SparkConfigurations.SPARK_EXECUTOR_DOCKER_VOLUMES}}}","userPluginsJars":[],"preExecutionSqlSentences":[],"postExecutionSqlSentences":[],"mesosConstraint":"","mesosConstraintOperator":"CLUSTER","parametersLists":["Environment","SparkResources","SparkConfigurations"],"parametersUsed":["SparkConfigurations.SPARK_DRIVER_DOCKER_VOLUMES","SparkConfigurations.SPARK_DRIVER_JAVA_OPTIONS","SparkConfigurations.SPARK_EXECUTOR_DOCKER_VOLUMES","SparkConfigurations.SPARK_EXECUTOR_EXTRA_JAVA_OPTIONS","SparkConfigurations.SPARK_LOCALITY_WAIT","SparkConfigurations.SPARK_MEMORY_FRACTION","SparkConfigurations.SPARK_TASK_MAX_FAILURES","SparkResources.SPARK_CORES_MAX","SparkResources.SPARK_DRIVER_CORES","SparkResources.SPARK_DRIVER_MEMORY","SparkResources.SPARK_EXECUTOR_CORES","SparkResources.SPARK_EXECUTOR_MEMORY","SparkResources.SPARK_MESOS_SHUTDOWN"],"udfsToRegister":[],"udafsToRegister":[],"mesosRole":"","marathonDeploymentSettings":{"gracePeriodSeconds":"240","intervalSeconds":"30","timeoutSeconds":"20","maxConsecutiveFailures":"3","forcePullImage":true,"privileged":false,"userEnvVariables":[],"userLabels":[],"logLevel":""},"enableQualityRules":true},"streamingSettings":{"window":"2s","backpressure":false,"blockInterval":"100ms","stopGracefully":true,"checkpointSettings":{"checkpointPath":"sparta/checkpoint","enableCheckpointing":true,"autoDeleteCheckpoint":true,"addTimeToCheckpointPath":false,"keepSameCheckpoint":false}},"sparkSettings":{"sparkKerberos":true,"sparkDataStoreTls":true,"sparkMesosSecurity":true,"submitArguments":{"userArguments":[],"deployMode":{},"driverJavaOptions":"{{{SparkConfigurations.SPARK_DRIVER_JAVA_OPTIONS}}}"},"sparkConf":{"sparkResourcesConf":{"coresMax":"{{{SparkResources.SPARK_CORES_MAX}}}","executorMemory":"{{{SparkResources.SPARK_EXECUTOR_MEMORY}}}","executorCores":"{{{SparkResources.SPARK_EXECUTOR_CORES}}}","driverCores":"{{{SparkResources.SPARK_DRIVER_CORES}}}","driverMemory":"{{{SparkResources.SPARK_DRIVER_MEMORY}}}","mesosExtraCores":"","localityWait":"{{{SparkConfigurations.SPARK_LOCALITY_WAIT}}}","taskMaxFailures":"{{{SparkConfigurations.SPARK_TASK_MAX_FAILURES}}}","sparkMemoryFraction":"{{{SparkConfigurations.SPARK_MEMORY_FRACTION}}}","sparkParallelism":"","executorInstances":"1"},"sparkHistoryServerConf":{"enableHistoryServerMonitoring":false,"sparkHistoryServerEventLogRotateEnable":false,"sparkHistoryServerEventLogRotateNum":"9","sparkHistoryServerEventLogRotateSize":"512"},"sparkDynamicAllocationConf":{"enableDynamicAllocation":false,"sparkDynamicAllocationExecutorIdleTimeout":"60s","sparkDynamicAllocationMinExecutors":"0","sparkDynamicAllocationExecutorAllocationRatio":"1","sparkDynamicAllocationSchedulerBacklogTimeout":"1s","sparkDynamicAllocationVolumeShuffle":"/var/lib/spark_data"},"userSparkConf":[],"coarse":true,"sparkUser":"root","sparkVolumeShuffle":"/var/lib/spark_data_nodynamic","sparkHostDir":"","sparkKryoSerialization":false,"sparkSqlCaseSensitive":true,"logStagesProgress":false,"hdfsTokenCache":true,"executorExtraJavaOptions":"{{{SparkConfigurations.SPARK_EXECUTOR_EXTRA_JAVA_OPTIONS}}}","stopGracefullyTimeout":"{{{SparkResources.SPARK_MESOS_SHUTDOWN}}}"}},"errorsManagement":{"genericErrorManagement":{"whenError":"Error"},"transformationStepsManagement":{"whenError":"Error","whenRowError":"RowError","whenFieldError":"FieldError"},"transactionsManagement":{"sendToOutputs":[],"sendStepData":false,"sendPredecessorsData":true,"sendInputData":true}},"pythonEnvDefinition":{"definition":"name: rocket-default\n\nchannels:\n  - defaults\n\ndependencies:\n  - python=3.7.6\n  - pip=20.2.2\n  - pip:\n      - mlflow==1.11.0\n      - pyspark==2.4.4\n      - pyarrow==0.14.1\n      - scikit-learn==0.22.1\n\n"}},"pipelineGraph":{"nodes":[{"name":"InputData","stepType":"Input","className":"CrossdataInputStep","classPrettyName":"Crossdata","arity":["NullaryToNary"],"uiConfiguration":{"position":{"x":-205.02381134033203,"y":103.92436218261719}},"configuration":{"crossdata":"{\"database\":\"default\",\"table\":\"esrios_credit_practice\"}","debugOptions":"{\"description\":\"\",\"mockType\":\"SqlQuery\",\"mockMetadata\":{\"sqlQuery\":\"SELECT * FROM esrios_credit_practice LIMIT 10\",\"limit\":\"\"},\"properties\":{}}","errorTableName":"","priority":"50"},"supportedEngines":["Batch"],"executionEngine":"Batch","supportedDataRelations":["ValidData"],"lineageProperties":[],"outputsWriter":[]},{"name":"DropColumns","stepType":"Transformation","className":"DropColumnsTransformStep","classPrettyName":"DropColumns","arity":["UnaryToNary"],"uiConfiguration":{"position":{"x":65.201416015625,"y":102.30171203613281}},"configuration":{"schema.fields":[{"name":"ID"}],"inputSchemas":"[]","errorTableName":"","priority":"50"},"supportedEngines":["Streaming","Batch"],"executionEngine":"Batch","supportedDataRelations":["ValidData"],"lineageProperties":[],"outputsWriter":[]},{"name":"AddColumns","stepType":"Transformation","className":"AddColumnsTransformStep","classPrettyName":"AddColumns","arity":["UnaryToNary"],"uiConfiguration":{"position":{"x":336.46295166015625,"y":102.613037109375}},"configuration":{"priority":"50","selectType":"EXPRESSION","addColumnExpressionList":[{"addColumnExpression":"RAND()","addColumnAlias":"Number_Random_Test_Training"}],"inputSchemas":"[]","errorTableName":""},"supportedEngines":["Streaming","Batch"],"executionEngine":"Batch","supportedDataRelations":["ValidData"],"lineageProperties":[],"outputsWriter":[]},{"name":"Testing","stepType":"Transformation","className":"FilterTransformStep","classPrettyName":"Filter","arity":["UnaryToNary"],"uiConfiguration":{"position":{"x":822.6836242675781,"y":-30.698287963867188}},"configuration":{"filterExp":"Number_Random_Test_Training <= 0.2","inputSchemas":"[]","errorTableName":"","priority":"50"},"supportedEngines":["Streaming","Batch"],"executionEngine":"Batch","supportedDataRelations":["ValidData","DiscardedData"],"lineageProperties":[],"outputsWriter":[]},{"name":"Training","stepType":"Transformation","className":"FilterTransformStep","classPrettyName":"Filter","arity":["UnaryToNary"],"uiConfiguration":{"position":{"x":835.1789855957031,"y":205.3017120361328}},"configuration":{"filterExp":"Number_Random_Test_Training > 0.2","inputSchemas":"[]","errorTableName":"","priority":"50"},"supportedEngines":["Streaming","Batch"],"executionEngine":"Batch","supportedDataRelations":["ValidData","DiscardedData"],"lineageProperties":[],"outputsWriter":[]},{"name":"DropExtra_Test","stepType":"Transformation","className":"DropColumnsTransformStep","classPrettyName":"DropColumns","arity":["UnaryToNary"],"description":"Drop unnecessary columns","uiConfiguration":{"position":{"x":1090.4303283691406,"y":-33.69828796386719}},"configuration":{"schema.fields":[{"name":"Attrition"},{"name":"Number_Random_Test_Training"}],"inputSchemas":"[]","errorTableName":"","priority":"50"},"supportedEngines":["Streaming","Batch"],"executionEngine":"Batch","supportedDataRelations":["ValidData"],"lineageProperties":[],"outputsWriter":[{"saveMode":"Append","outputStepName":"TestData","tableName":"/esrios/esrios_credit_risk_test","discardTableName":"","extraOptions":{"checkIfEmpty":"","partitionBy":"","partitionColumns":"","saveMode":"Append","partitions":""}}]},{"name":"DropExtra_Training","stepType":"Transformation","className":"DropColumnsTransformStep","classPrettyName":"DropColumns","arity":["UnaryToNary"],"uiConfiguration":{"position":{"x":1104.1789855957031,"y":205.3017120361328}},"configuration":{"schema.fields":[{"name":"Attrition"},{"name":"Number_Random_Test_Training"}],"inputSchemas":"[]","errorTableName":"","priority":"50"},"supportedEngines":["Streaming","Batch"],"executionEngine":"Batch","supportedDataRelations":["ValidData"],"lineageProperties":[],"outputsWriter":[{"saveMode":"Append","outputStepName":"MlPipeline","tableName":"MiModelWF","discardTableName":"","extraOptions":{"saveMode":"Append"}}]},{"name":"TestData","stepType":"Output","className":"CrossdataOutputStep","classPrettyName":"Crossdata","arity":["NullaryToNullary","NaryToNullary"],"uiConfiguration":{"position":{"x":1352.1789855957031,"y":-31.698287963867188}},"configuration":{"errorSink":false,"errorTableName":"","priority":"50"},"supportedEngines":["Streaming","Batch"],"executionEngine":"Batch","lineageProperties":[],"outputsWriter":[]},{"name":"MlPipeline","stepType":"Output","className":"MlPipelineOutputStep","classPrettyName":"MlPipeline","arity":["UnaryToNullary"],"description":"","uiConfiguration":{"position":{"x":1358.9770812988281,"y":204.36900329589844}},"configuration":{"priority":"50","samplingMethod":"fullData","sampleRatio":"0.1","pipeline":{"nodes":[{"configuration":{"inputCols":["Job","Credit_amount","Duration","Purpose_car","Purpose_domestic_appliances","Purpose_education","Purpose_furniture_equipment","Purpose_radio_TV","Purpose_repairs","Purpose_vacation_others","Sex_male","Housing_own","Housing_rent","Savings_moderate","Savings_no_inf","Savings_quite_rich","Savings_rich","Check_moderate","Check_no_inf","Check_rich","Age_cat_Young","Age_cat_Adult","Age_cat_Senior"],"outputCol":"features","handleInvalid":"error"},"executionEngine":"Batch","stepType":"Preprocessing","supportedEngines":["Batch"],"classPrettyName":"VectorAssembler","className":"org.apache.spark.ml.feature.VectorAssembler","arity":["NullaryToNullary","NullaryToUnary","UnaryToNullary","UnaryToUnary"],"name":"VectorAssembler","hasErrors":false,"errors":[],"createdNew":false,"created":true,"uiConfiguration":{"position":{"x":370.0114503486799,"y":307.1912961813265}},"description":""},{"configuration":{"featuresCol":"features","labelCol":"Risk_bad","probabilityCol":"probability","predictionCol":"prediction","rawPredictionCol":"rawPrediction","cacheNodeIds":false,"checkpointInterval":"10","impurity":"gini","maxBins":"32","maxDepth":"5","maxMemoryInMB":"256","minInfoGain":"0.0","minInstancesPerNode":"1","thresholds":"","seed":"159147643"},"executionEngine":"Batch","stepType":"Algorithm","supportedEngines":["Batch"],"classPrettyName":"DecisionTreeClassifier","className":"org.apache.spark.ml.classification.DecisionTreeClassifier","arity":["NullaryToNullary","NullaryToUnary","UnaryToNullary","UnaryToUnary"],"name":"DecisionTreeClassifier","hasErrors":false,"errors":[],"createdNew":false,"created":true,"uiConfiguration":{"position":{"x":663.3635531227441,"y":299.585845851196}},"description":""}],"edges":[{"origin":"VectorAssembler","destination":"DecisionTreeClassifier"}],"svgPosition":{"k":0.920395605224374,"x":24.443087216378302,"y":46.26248103152807}},"numMaxCategoricalValues":"30","errorTableName":"","numSampleMax":"10000","postgresTimeout":"20","numBinsHistogram":"20"},"supportedEngines":["Batch"],"executionEngine":"Batch","lineageProperties":[],"outputsWriter":[]}],"edges":[{"origin":"InputData","destination":"DropColumns","dataType":"ValidData"},{"origin":"AddColumns","destination":"Testing","dataType":"ValidData"},{"origin":"AddColumns","destination":"Training","dataType":"ValidData"},{"origin":"Testing","destination":"DropExtra_Test","dataType":"ValidData"},{"origin":"Training","destination":"DropExtra_Training","dataType":"ValidData"},{"origin":"DropExtra_Test","destination":"TestData","dataType":"ValidData"},{"origin":"DropExtra_Training","destination":"MlPipeline","dataType":"ValidData"},{"origin":"DropColumns","destination":"AddColumns","dataType":"ValidData"}],"annotations":[],"nodeGroups":[]},"executionEngine":"Batch","workflowType":"SpartaWorkflow","uiSettings":{"position":{"x":447.23333081954405,"y":235.28506670085034,"k":0.5472538105133365}},"creationDate":"2021-08-03T09:32:49Z","lastUpdateDate":"2021-08-03T09:32:49Z","version":0,"readOnly":false,"releaseInProgress":false,"group":{"id":"29b44175-7a54-41be-a245-aa78aa928f74","name":"/home/data-scientist-esrios","versionSparta":"1.4.0"},"tags":[],"debugMode":false,"versionSparta":"1.4.0","groupId":"29b44175-7a54-41be-a245-aa78aa928f74","workflowMasterId":"7e7d42c9-fdb5-42b6-80ea-7d5346459960","projectId":"f0562936-9e33-4c45-b785-c9844ea92dd8","normalizedName":"wf-credit1"}