{"id":"cae205a8-5073-4aee-83b5-14d905d4af12","name":"AutoPipelineCredit","description":"practica","settings":{"global":{"executionMode":"marathon","driverDockerImage":"{{{SparkConfigurations.SPARK_DRIVER_DOCKER_IMAGE}}}","driverDockerVolumes":"{{{SparkConfigurations.SPARK_DRIVER_DOCKER_VOLUMES}}}","executorDockerImage":"{{{SparkConfigurations.SPARK_EXECUTOR_DOCKER_IMAGE}}}","executorDockerVolumes":"{{{SparkConfigurations.SPARK_EXECUTOR_DOCKER_VOLUMES}}}","userPluginsJars":[],"preExecutionSqlSentences":[],"postExecutionSqlSentences":[],"mesosConstraintOperator":"CLUSTER","parametersLists":["Environment","SparkResources","SparkConfigurations"],"parametersUsed":["SparkConfigurations.SPARK_DRIVER_DOCKER_IMAGE","SparkConfigurations.SPARK_DRIVER_DOCKER_VOLUMES","SparkConfigurations.SPARK_DRIVER_JAVA_OPTIONS","SparkConfigurations.SPARK_DYNAMIC_ALLOCATION_EXECUTOR_ALLOCATION_RATIO","SparkConfigurations.SPARK_DYNAMIC_ALLOCATION_EXECUTOR_IDLE_TIMEOUT","SparkConfigurations.SPARK_DYNAMIC_ALLOCATION_MIN_EXECUTORS","SparkConfigurations.SPARK_DYNAMIC_ALLOCATION_PATH_VOLUME_INTERNAL_SHUFFLE","SparkConfigurations.SPARK_DYNAMIC_ALLOCATION_SCHEDULER_BACKLOG_TIMEOUT","SparkConfigurations.SPARK_EXECUTOR_DOCKER_IMAGE","SparkConfigurations.SPARK_EXECUTOR_DOCKER_VOLUMES","SparkConfigurations.SPARK_EXECUTOR_EXTRA_JAVA_OPTIONS","SparkConfigurations.SPARK_HISTORY_SERVER_EVENT_LOG_ROTATE_NUM","SparkConfigurations.SPARK_HISTORY_SERVER_EVENT_LOG_ROTATE_SIZE","SparkConfigurations.SPARK_LOCALITY_WAIT","SparkConfigurations.SPARK_MEMORY_FRACTION","SparkConfigurations.SPARK_TASK_MAX_FAILURES","SparkResources.SPARK_CORES_MAX","SparkResources.SPARK_DRIVER_CORES","SparkResources.SPARK_DRIVER_MEMORY","SparkResources.SPARK_EXECUTOR_CORES","SparkResources.SPARK_EXECUTOR_INSTANCES","SparkResources.SPARK_EXECUTOR_MEMORY","SparkResources.SPARK_MESOS_SHUTDOWN"],"udfsToRegister":[],"udafsToRegister":[],"marathonDeploymentSettings":{"gracePeriodSeconds":"240","intervalSeconds":"30","timeoutSeconds":"20","maxConsecutiveFailures":"3","forcePullImage":true,"privileged":false,"userEnvVariables":[],"userLabels":[]},"enableQualityRules":false},"streamingSettings":{"window":"2s","backpressure":false,"blockInterval":"100ms","stopGracefully":true,"checkpointSettings":{"checkpointPath":"sparta/checkpoint","enableCheckpointing":true,"autoDeleteCheckpoint":true,"addTimeToCheckpointPath":false,"keepSameCheckpoint":false}},"sparkSettings":{"sparkKerberos":true,"sparkDataStoreTls":true,"sparkMesosSecurity":true,"submitArguments":{"userArguments":[],"deployMode":{},"driverJavaOptions":"{{{SparkConfigurations.SPARK_DRIVER_JAVA_OPTIONS}}}"},"sparkConf":{"sparkResourcesConf":{"coresMax":"{{{SparkResources.SPARK_CORES_MAX}}}","executorMemory":"{{{SparkResources.SPARK_EXECUTOR_MEMORY}}}","executorCores":"{{{SparkResources.SPARK_EXECUTOR_CORES}}}","driverCores":"{{{SparkResources.SPARK_DRIVER_CORES}}}","driverMemory":"{{{SparkResources.SPARK_DRIVER_MEMORY}}}","localityWait":"{{{SparkConfigurations.SPARK_LOCALITY_WAIT}}}","taskMaxFailures":"{{{SparkConfigurations.SPARK_TASK_MAX_FAILURES}}}","sparkMemoryFraction":"{{{SparkConfigurations.SPARK_MEMORY_FRACTION}}}","executorInstances":"{{{SparkResources.SPARK_EXECUTOR_INSTANCES}}}"},"sparkHistoryServerConf":{"enableHistoryServerMonitoring":false,"sparkHistoryServerEventLogRotateEnable":false,"sparkHistoryServerEventLogRotateNum":"{{{SparkConfigurations.SPARK_HISTORY_SERVER_EVENT_LOG_ROTATE_NUM}}}","sparkHistoryServerEventLogRotateSize":"{{{SparkConfigurations.SPARK_HISTORY_SERVER_EVENT_LOG_ROTATE_SIZE}}}"},"sparkDynamicAllocationConf":{"enableDynamicAllocation":false,"sparkDynamicAllocationExecutorIdleTimeout":"{{{SparkConfigurations.SPARK_DYNAMIC_ALLOCATION_EXECUTOR_IDLE_TIMEOUT}}}","sparkDynamicAllocationMinExecutors":"{{{SparkConfigurations.SPARK_DYNAMIC_ALLOCATION_MIN_EXECUTORS}}}","sparkDynamicAllocationExecutorAllocationRatio":"{{{SparkConfigurations.SPARK_DYNAMIC_ALLOCATION_EXECUTOR_ALLOCATION_RATIO}}}","sparkDynamicAllocationSchedulerBacklogTimeout":"{{{SparkConfigurations.SPARK_DYNAMIC_ALLOCATION_SCHEDULER_BACKLOG_TIMEOUT}}}","sparkDynamicAllocationVolumeShuffle":"{{{SparkConfigurations.SPARK_DYNAMIC_ALLOCATION_PATH_VOLUME_INTERNAL_SHUFFLE}}}"},"userSparkConf":[],"coarse":true,"sparkUser":"root","sparkVolumeShuffle":"/var/lib/spark_data_nodynamic","sparkKryoSerialization":false,"sparkSqlCaseSensitive":true,"logStagesProgress":false,"hdfsTokenCache":true,"executorExtraJavaOptions":"{{{SparkConfigurations.SPARK_EXECUTOR_EXTRA_JAVA_OPTIONS}}}","stopGracefullyTimeout":"{{{SparkResources.SPARK_MESOS_SHUTDOWN}}}"}},"errorsManagement":{"genericErrorManagement":{"whenError":"Error"},"transformationStepsManagement":{"whenError":"Error","whenRowError":"RowError","whenFieldError":"FieldError"},"transactionsManagement":{"sendToOutputs":[],"sendStepData":false,"sendPredecessorsData":false,"sendInputData":true}},"pythonEnvDefinition":{"definition":"name: rocket-default\n\nchannels:\n  - defaults\n\ndependencies:\n  - python=3.7.6\n  - pip=20.2.2\n  - pip:\n      - mlflow==1.11.0\n      - pyspark==2.4.4\n      - pyarrow==0.14.1\n      - scikit-learn==0.22.1\n\n"}},"pipelineGraph":{"nodes":[{"name":"SQLInputStep","stepType":"Input","className":"SQLInputStep","classPrettyName":"SQLInputStep","arity":["NullaryToNary"],"writer":{"saveMode":"Append"},"configuration":{"tlsEnabled":false,"query":"select * from default.client_credit_requests_today"},"supportedEngines":[],"executionEngine":"Batch","lineageProperties":[],"outputsWriter":[]},{"name":"AutoMlPipeline","stepType":"Output","className":"AutoMlPipelineOutputStep","classPrettyName":"AutoMlPipeline","arity":["UnaryToNullary"],"writer":{"saveMode":"Append"},"configuration":{"autoMlPipelineAssetData":{"dataSourceConfig":{"xdCatalogTable":"client_credit_requests_today","xdCatalogDatabase":"default"},"trainData":{"labelColName":"Risk_bad","featuresColsDef":[{"columnName":"Age","selectedVariableType":"Auto"},{"columnName":"Job","selectedVariableType":"Auto"},{"columnName":"Credit_amount","selectedVariableType":"Auto"},{"columnName":"Duration","selectedVariableType":"Auto"},{"columnName":"Purpose_car","selectedVariableType":"Auto"},{"columnName":"Purpose_domestic_appliances","selectedVariableType":"Auto"},{"columnName":"Purpose_education","selectedVariableType":"Auto"},{"columnName":"Purpose_furniture_equipment","selectedVariableType":"Auto"},{"columnName":"Purpose_radio_TV","selectedVariableType":"Auto"},{"columnName":"Purpose_repairs","selectedVariableType":"Auto"},{"columnName":"Purpose_vacation_others","selectedVariableType":"Auto"},{"columnName":"Sex_male","selectedVariableType":"Auto"},{"columnName":"Housing_own","selectedVariableType":"Auto"},{"columnName":"Housing_rent","selectedVariableType":"Auto"},{"columnName":"Savings_moderate","selectedVariableType":"Auto"},{"columnName":"Savings_no_inf","selectedVariableType":"Auto"},{"columnName":"Savings_quite_rich","selectedVariableType":"Auto"},{"columnName":"Savings_rich","selectedVariableType":"Auto"},{"columnName":"Check_moderate","selectedVariableType":"Auto"},{"columnName":"Check_no_inf","selectedVariableType":"Auto"},{"columnName":"Check_rich","selectedVariableType":"Auto"},{"columnName":"Age_cat_Young","selectedVariableType":"Auto"},{"columnName":"Age_cat_Adult","selectedVariableType":"Auto"},{"columnName":"Age_cat_Senior","selectedVariableType":"Auto"}]},"mlProblemType":"binary_classification","globalSessionConfig":{"maxValuesCategorical":30},"rawDataAnalysisConfig":{"enableRawDataAnalysisStage":true,"samplingMethod":"fullData","persistRdd":true,"numBinsHistogram":20},"featureEngineeringConfig":{"enableFeatureEngineeringStage":true,"defaultNumOfFeatures":512,"topK":20,"minSupport":10,"fillValue":0,"binaryFillValue":false,"hashWithIndex":false,"prependFeatureName":true,"cleanText":true,"trackTextLen":false,"fillWithMode":true,"fillWithMean":true,"trackInvalid":false,"minInfoGain":0.01},"featureAnalysisConfig":{"enableFeatureAnalysisStage":true,"removeBadFeatures":true,"checkSample":1.0,"sampleSeed":2014918961,"sampleLowerLimit":1000,"sampleUpperLimit":1000000,"maxCorrelation":0.95,"minCorrelation":0.0,"maxCramersV":0.95,"correlationType":"pearson","minVariance":0.0,"removeFeatureGroup":true,"protectTextSharedHash":false,"maxRuleConfidence":1.0,"minRequiredRuleSupport":1.0,"categoricalLabel":false},"modelSelectionConfig":{"enableModelSelectionStage":true,"validationTechnique":"crossValidation","numFolds":3,"trainRatio":0.75,"seed":-1523830043,"parallelism":8,"validationMetric":"auROC","modelsAndParameters":[{"mlModelName":"LogisticRegression","selected":true,"hyperparameterGrid":[{"name":"fitIntercept","values":["true"]},{"name":"elasticNetParam","values":["0.1","0.5"]},{"name":"maxIter","values":["50"]},{"name":"regParam","values":["0.001","0.01","0.1","0.2"]},{"name":"standardization","values":["true"]},{"name":"tol","values":["1.0E-6"]},{"name":"aggregationDepth","values":["2"]},{"name":"family","values":["auto"]},{"name":"threshold","values":["0.5"]}]},{"mlModelName":"RandomForestClassifier","selected":true,"hyperparameterGrid":[{"name":"maxDepth","values":["3","6","12"]},{"name":"impurity","values":["gini"]},{"name":"maxBins","values":["32"]},{"name":"minInfoGain","values":["0.001","0.01","0.1"]},{"name":"minInstancesPerNode","values":["10","100"]},{"name":"numTrees","values":["50"]},{"name":"subsamplingRate","values":["1.0"]},{"name":"cacheNodeIds","values":["false"]},{"name":"checkpointInterval","values":["10"]},{"name":"featureSubsetStrategy","values":["auto"]},{"name":"maxMemoryInMB","values":["256"]},{"name":"seed","values":["207336481"]}]},{"mlModelName":"GBTClassifier","selected":true,"hyperparameterGrid":[{"name":"maxDepth","values":["3","6","12"]},{"name":"impurity","values":["gini"]},{"name":"maxBins","values":["32"]},{"name":"minInfoGain","values":["0.001","0.01","0.1"]},{"name":"minInstancesPerNode","values":["10","100"]},{"name":"maxIter","values":["20"]},{"name":"subsamplingRate","values":["1.0"]},{"name":"stepSize","values":["0.1"]},{"name":"cacheNodeIds","values":["false"]},{"name":"checkpointInterval","values":["10"]},{"name":"lossType","values":["logistic"]},{"name":"maxMemoryInMB","values":["256"]},{"name":"seed","values":["-1287390502"]}]},{"mlModelName":"LinearSVC","selected":true,"hyperparameterGrid":[{"name":"regParam","values":["0.001","0.01","0.1","0.2"]},{"name":"maxIter","values":["50"]},{"name":"fitIntercept","values":["true"]},{"name":"tol","values":["1.0E-6"]},{"name":"standardization","values":["true"]},{"name":"aggregationDepth","values":["2"]},{"name":"threshold","values":["0.0"]}]},{"mlModelName":"NaiveBayes","selected":false,"hyperparameterGrid":[{"name":"smoothing","values":["1.0"]},{"name":"modelType","values":["multinomial"]}]},{"mlModelName":"DecisionTreeClassifier","selected":false,"hyperparameterGrid":[{"name":"maxDepth","values":["3","6","12"]},{"name":"impurity","values":["gini"]},{"name":"maxBins","values":["32"]},{"name":"minInfoGain","values":["0.001","0.01","0.1"]},{"name":"minInstancesPerNode","values":["10","100"]},{"name":"cacheNodeIds","values":["false"]},{"name":"checkpointInterval","values":["10"]},{"name":"maxMemoryInMB","values":["256"]},{"name":"seed","values":["159147643"]}]}],"splitterConf":{"seed":42,"reserveTestFraction":0.1,"enableBalancing":false,"maxTrainingSample":1000000,"sampleFraction":0.1,"filterCategories":false,"maxLabelCategories":100,"minLabelFraction":0.0},"stratify":false}}},"supportedEngines":[],"executionEngine":"Batch","lineageProperties":[],"outputsWriter":[]}],"edges":[{"origin":"SQLInputStep","destination":"AutoMlPipeline","dataType":"ValidData"}]},"executionEngine":"Batch","workflowType":"AutoMlPipeline","creationDate":"2021-08-03T09:26:57Z","lastUpdateDate":"2021-08-03T09:26:57Z","version":0,"readOnly":false,"releaseInProgress":false,"group":{"id":"29b44175-7a54-41be-a245-aa78aa928f74","name":"/home/data-scientist-esrios","versionSparta":"1.4.0"},"tags":[],"debugMode":false,"versionSparta":"1.4.0","groupId":"29b44175-7a54-41be-a245-aa78aa928f74","workflowMasterId":"8bb831c2-10d8-4dc5-92fc-63e8f26d6097","projectId":"f0562936-9e33-4c45-b785-c9844ea92dd8","normalizedName":"autopipelinecredit"}