{"name":"Model_Credit","description":"Model Credit Risk","group":{"id":"29b44175-7a54-41be-a245-aa78aa928f74","name":"/home/data-scientist-esrios","versionSparta":"1.4.0"},"groupId":"29b44175-7a54-41be-a245-aa78aa928f74","normalizedName":"model-credit","projectId":"f0562936-9e33-4c45-b785-c9844ea92dd8","language":"python","mlProblemType":"binary_classification","framework":"MlFlow","creationType":"EmptyCreation","creationDate":"2021-08-03T09:33:18Z","lastUpdateDate":"2021-08-03T09:33:18Z","version":0,"readOnly":false,"id":"071aab26-a416-4aac-a72a-0fb97dba0e7f","assetId":"d8e01340-a100-4184-8640-11db3e840fc1","mlFlowParameters":{},"inputData":{"query":"select * from default.german_credit_data","dataFileFormat":"csv","datasetDefinition":{"features":["Age","Checking_account","Credit_amount","Duration","Housing","Job","Purpose","Saving_accounts","Sex"],"target":"Risk"}},"executionSettings":{"dockerImage":"{{{MLProjectConfigurations.MLPROJECT_DRIVER_DOCKER_IMAGE}}}","cpus":"{{{MLProjectResources.MLPROJECT_CORES}}}","mem":"{{{MLProjectResources.MLPROJECT_MEMORY}}}","instances":1,"extraEnviron":{},"executionMode":"marathon","parametersLists":["Environment","MLProjectResources","MLProjectConfigurations"],"dockerVolumes":"{{{MLProjectConfigurations.MLPROJECT_DRIVER_DOCKER_VOLUMES}}}"}}