{"name":"model","description":"Linear regression model trained with the data provided by German","group":{"id":"be364f76-9301-4428-9a73-bc319f7a3ce6","name":"/home/esrios-ds-practice","versionSparta":"1.4.0"},"groupId":"be364f76-9301-4428-9a73-bc319f7a3ce6","normalizedName":"model","projectId":"558423b0-a7b9-45a7-8239-32cb4cfd2b32","framework":"spark_and_mleap","problemType":"binary_classification","creationDate":"2021-08-02T13:16:45Z","lastUpdateDate":"2021-08-02T13:16:45Z","version":0,"readOnly":false,"tags":[],"id":"ae918d1b-95eb-4893-b811-6652043851c3","assetId":"6fc1bcfd-3f4e-4eb8-8880-2c9e24844b15","versionDescription":"Linear regression model trained with the data provided by German","modelDescription":{"model":"NaiveBayesModel","hyperparameters":{"smoothing":1.0,"modelType":"multinomial"},"parameters":{"jsonClass":"NaiveBayesModelParameters","numFeatures":24,"numClasses":2,"pi":{"type":"dense","values":[-0.3471704596271685,-1.2265076737589888]},"theta":{"class":"matrix","type":"dense","numRows":2,"numCols":24,"values":[-4.410250381998377,-7.368673337659248,-0.02094373232033142,-5.0573455816250465,-9.119941445532566,-12.634467512501725,-10.985808886914343,-9.722116847886785,-9.108106987885563,-12.297995275880512,-12.45214595570777,-8.34127209153446,-8.270095813066565,-9.825064817139227,-10.200854157101276,-9.481731490138069,-10.60631926520944,-10.778169522136098,-9.423623859330789,-8.664175598949603,-10.747397863469345,-8.896797894218356,-8.887319150263814,-11.152862971577509,-4.797265418709477,-7.653429435730479,-0.015945242172639595,-5.098024456888547,-9.294850394017631,-12.290582667571622,-10.786505270795349,-9.892687394773251,-9.892687394773251,-12.290582667571622,-12.067439116257413,-8.794075106105142,-8.809342578235931,-9.70658511513939,-10.309581198705038,-10.541382812762363,-11.374291935697467,-12.290582667571622,-9.386417587543121,-10.093358090235402,-11.278981755893142,-9.270157781427258,-9.442770524094254,-12.067439116257413],"isTransposed":true}},"trainingTime":0.0,"predictionTime":0.152},"metadata":{"inputSchema":{"schema":"{\"type\":\"struct\",\"fields\":[{\"name\":\"Age\",\"type\":\"integer\",\"nullable\":true,\"metadata\":{}},{\"name\":\"Job\",\"type\":\"integer\",\"nullable\":true,\"metadata\":{}},{\"name\":\"Credit_amount\",\"type\":\"integer\",\"nullable\":true,\"metadata\":{}},{\"name\":\"Duration\",\"type\":\"integer\",\"nullable\":true,\"metadata\":{}},{\"name\":\"Purpose_car\",\"type\":\"integer\",\"nullable\":true,\"metadata\":{}},{\"name\":\"Purpose_domestic_appliances\",\"type\":\"integer\",\"nullable\":true,\"metadata\":{}},{\"name\":\"Purpose_education\",\"type\":\"integer\",\"nullable\":true,\"metadata\":{}},{\"name\":\"Purpose_furniture_equipment\",\"type\":\"integer\",\"nullable\":true,\"metadata\":{}},{\"name\":\"Purpose_radio_TV\",\"type\":\"integer\",\"nullable\":true,\"metadata\":{}},{\"name\":\"Purpose_repairs\",\"type\":\"integer\",\"nullable\":true,\"metadata\":{}},{\"name\":\"Purpose_vacation_others\",\"type\":\"integer\",\"nullable\":true,\"metadata\":{}},{\"name\":\"Sex_male\",\"type\":\"integer\",\"nullable\":true,\"metadata\":{}},{\"name\":\"Housing_own\",\"type\":\"integer\",\"nullable\":true,\"metadata\":{}},{\"name\":\"Housing_rent\",\"type\":\"integer\",\"nullable\":true,\"metadata\":{}},{\"name\":\"Savings_moderate\",\"type\":\"integer\",\"nullable\":true,\"metadata\":{}},{\"name\":\"Savings_no_inf\",\"type\":\"integer\",\"nullable\":true,\"metadata\":{}},{\"name\":\"Savings_quite_rich\",\"type\":\"integer\",\"nullable\":true,\"metadata\":{}},{\"name\":\"Savings_rich\",\"type\":\"integer\",\"nullable\":true,\"metadata\":{}},{\"name\":\"Check_moderate\",\"type\":\"integer\",\"nullable\":true,\"metadata\":{}},{\"name\":\"Check_no_inf\",\"type\":\"integer\",\"nullable\":true,\"metadata\":{}},{\"name\":\"Check_rich\",\"type\":\"integer\",\"nullable\":true,\"metadata\":{}},{\"name\":\"Age_cat_Young\",\"type\":\"integer\",\"nullable\":true,\"metadata\":{}},{\"name\":\"Age_cat_Adult\",\"type\":\"integer\",\"nullable\":true,\"metadata\":{}},{\"name\":\"Age_cat_Senior\",\"type\":\"integer\",\"nullable\":true,\"metadata\":{}}]}"},"outputSchema":{"schema":"{\"type\":\"struct\",\"fields\":[{\"name\":\"Age\",\"type\":\"integer\",\"nullable\":true,\"metadata\":{}},{\"name\":\"Job\",\"type\":\"integer\",\"nullable\":true,\"metadata\":{}},{\"name\":\"Credit_amount\",\"type\":\"integer\",\"nullable\":true,\"metadata\":{}},{\"name\":\"Duration\",\"type\":\"integer\",\"nullable\":true,\"metadata\":{}},{\"name\":\"Purpose_car\",\"type\":\"integer\",\"nullable\":true,\"metadata\":{}},{\"name\":\"Purpose_domestic_appliances\",\"type\":\"integer\",\"nullable\":true,\"metadata\":{}},{\"name\":\"Purpose_education\",\"type\":\"integer\",\"nullable\":true,\"metadata\":{}},{\"name\":\"Purpose_furniture_equipment\",\"type\":\"integer\",\"nullable\":true,\"metadata\":{}},{\"name\":\"Purpose_radio_TV\",\"type\":\"integer\",\"nullable\":true,\"metadata\":{}},{\"name\":\"Purpose_repairs\",\"type\":\"integer\",\"nullable\":true,\"metadata\":{}},{\"name\":\"Purpose_vacation_others\",\"type\":\"integer\",\"nullable\":true,\"metadata\":{}},{\"name\":\"Sex_male\",\"type\":\"integer\",\"nullable\":true,\"metadata\":{}},{\"name\":\"Housing_own\",\"type\":\"integer\",\"nullable\":true,\"metadata\":{}},{\"name\":\"Housing_rent\",\"type\":\"integer\",\"nullable\":true,\"metadata\":{}},{\"name\":\"Savings_moderate\",\"type\":\"integer\",\"nullable\":true,\"metadata\":{}},{\"name\":\"Savings_no_inf\",\"type\":\"integer\",\"nullable\":true,\"metadata\":{}},{\"name\":\"Savings_quite_rich\",\"type\":\"integer\",\"nullable\":true,\"metadata\":{}},{\"name\":\"Savings_rich\",\"type\":\"integer\",\"nullable\":true,\"metadata\":{}},{\"name\":\"Check_moderate\",\"type\":\"integer\",\"nullable\":true,\"metadata\":{}},{\"name\":\"Check_no_inf\",\"type\":\"integer\",\"nullable\":true,\"metadata\":{}},{\"name\":\"Check_rich\",\"type\":\"integer\",\"nullable\":true,\"metadata\":{}},{\"name\":\"Age_cat_Young\",\"type\":\"integer\",\"nullable\":true,\"metadata\":{}},{\"name\":\"Age_cat_Adult\",\"type\":\"integer\",\"nullable\":true,\"metadata\":{}},{\"name\":\"Age_cat_Senior\",\"type\":\"integer\",\"nullable\":true,\"metadata\":{}},{\"name\":\"features\",\"type\":{\"type\":\"udt\",\"class\":\"org.apache.spark.ml.linalg.VectorUDT\",\"pyClass\":\"pyspark.ml.linalg.VectorUDT\",\"sqlType\":{\"type\":\"struct\",\"fields\":[{\"name\":\"type\",\"type\":\"byte\",\"nullable\":false,\"metadata\":{}},{\"name\":\"size\",\"type\":\"integer\",\"nullable\":true,\"metadata\":{}},{\"name\":\"indices\",\"type\":{\"type\":\"array\",\"elementType\":\"integer\",\"containsNull\":false},\"nullable\":true,\"metadata\":{}},{\"name\":\"values\",\"type\":{\"type\":\"array\",\"elementType\":\"double\",\"containsNull\":false},\"nullable\":true,\"metadata\":{}}]}},\"nullable\":true,\"metadata\":{\"inputColNamesMetadata\":[\"Age\",\"Job\",\"Credit_amount\",\"Duration\",\"Purpose_car\",\"Purpose_domestic_appliances\",\"Purpose_education\",\"Purpose_furniture_equipment\",\"Purpose_radio_TV\",\"Purpose_repairs\",\"Purpose_vacation_others\",\"Sex_male\",\"Housing_own\",\"Housing_rent\",\"Savings_moderate\",\"Savings_no_inf\",\"Savings_quite_rich\",\"Savings_rich\",\"Check_moderate\",\"Check_no_inf\",\"Check_rich\",\"Age_cat_Young\",\"Age_cat_Adult\",\"Age_cat_Senior\"]}},{\"name\":\"prediction\",\"type\":\"double\",\"nullable\":false,\"metadata\":{}},{\"name\":\"rawPrediction\",\"type\":{\"type\":\"udt\",\"class\":\"org.apache.spark.ml.linalg.VectorUDT\",\"pyClass\":\"pyspark.ml.linalg.VectorUDT\",\"sqlType\":{\"type\":\"struct\",\"fields\":[{\"name\":\"type\",\"type\":\"byte\",\"nullable\":false,\"metadata\":{}},{\"name\":\"size\",\"type\":\"integer\",\"nullable\":true,\"metadata\":{}},{\"name\":\"indices\",\"type\":{\"type\":\"array\",\"elementType\":\"integer\",\"containsNull\":false},\"nullable\":true,\"metadata\":{}},{\"name\":\"values\",\"type\":{\"type\":\"array\",\"elementType\":\"double\",\"containsNull\":false},\"nullable\":true,\"metadata\":{}}]}},\"nullable\":false,\"metadata\":{}},{\"name\":\"probability\",\"type\":{\"type\":\"udt\",\"class\":\"org.apache.spark.ml.linalg.VectorUDT\",\"pyClass\":\"pyspark.ml.linalg.VectorUDT\",\"sqlType\":{\"type\":\"struct\",\"fields\":[{\"name\":\"type\",\"type\":\"byte\",\"nullable\":false,\"metadata\":{}},{\"name\":\"size\",\"type\":\"integer\",\"nullable\":true,\"metadata\":{}},{\"name\":\"indices\",\"type\":{\"type\":\"array\",\"elementType\":\"integer\",\"containsNull\":false},\"nullable\":true,\"metadata\":{}},{\"name\":\"values\",\"type\":{\"type\":\"array\",\"elementType\":\"double\",\"containsNull\":false},\"nullable\":true,\"metadata\":{}}]}},\"nullable\":false,\"metadata\":{}},{\"name\":\"featuresX\",\"type\":{\"type\":\"udt\",\"class\":\"org.apache.spark.ml.linalg.VectorUDT\",\"pyClass\":\"pyspark.ml.linalg.VectorUDT\",\"sqlType\":{\"type\":\"struct\",\"fields\":[{\"name\":\"type\",\"type\":\"byte\",\"nullable\":false,\"metadata\":{}},{\"name\":\"size\",\"type\":\"integer\",\"nullable\":true,\"metadata\":{}},{\"name\":\"indices\",\"type\":{\"type\":\"array\",\"elementType\":\"integer\",\"containsNull\":false},\"nullable\":true,\"metadata\":{}},{\"name\":\"values\",\"type\":{\"type\":\"array\",\"elementType\":\"double\",\"containsNull\":false},\"nullable\":true,\"metadata\":{}}]}},\"nullable\":false,\"metadata\":{\"ml_attr\":{\"num_attrs\":1}}}]}"},"trainingData":[],"row":"{\"values\":[45,2,7882,42,0,0,0,1,0,0,0,1,0,0,0,0,0,0,0,0,0,0,1,0],\"schema\":{\"structType\":{\"type\":\"struct\",\"fields\":[{\"name\":\"Age\",\"type\":\"integer\",\"nullable\":true,\"metadata\":{}},{\"name\":\"Job\",\"type\":\"integer\",\"nullable\":true,\"metadata\":{}},{\"name\":\"Credit_amount\",\"type\":\"integer\",\"nullable\":true,\"metadata\":{}},{\"name\":\"Duration\",\"type\":\"integer\",\"nullable\":true,\"metadata\":{}},{\"name\":\"Purpose_car\",\"type\":\"integer\",\"nullable\":true,\"metadata\":{}},{\"name\":\"Purpose_domestic_appliances\",\"type\":\"integer\",\"nullable\":true,\"metadata\":{}},{\"name\":\"Purpose_education\",\"type\":\"integer\",\"nullable\":true,\"metadata\":{}},{\"name\":\"Purpose_furniture_equipment\",\"type\":\"integer\",\"nullable\":true,\"metadata\":{}},{\"name\":\"Purpose_radio_TV\",\"type\":\"integer\",\"nullable\":true,\"metadata\":{}},{\"name\":\"Purpose_repairs\",\"type\":\"integer\",\"nullable\":true,\"metadata\":{}},{\"name\":\"Purpose_vacation_others\",\"type\":\"integer\",\"nullable\":true,\"metadata\":{}},{\"name\":\"Sex_male\",\"type\":\"integer\",\"nullable\":true,\"metadata\":{}},{\"name\":\"Housing_own\",\"type\":\"integer\",\"nullable\":true,\"metadata\":{}},{\"name\":\"Housing_rent\",\"type\":\"integer\",\"nullable\":true,\"metadata\":{}},{\"name\":\"Savings_moderate\",\"type\":\"integer\",\"nullable\":true,\"metadata\":{}},{\"name\":\"Savings_no_inf\",\"type\":\"integer\",\"nullable\":true,\"metadata\":{}},{\"name\":\"Savings_quite_rich\",\"type\":\"integer\",\"nullable\":true,\"metadata\":{}},{\"name\":\"Savings_rich\",\"type\":\"integer\",\"nullable\":true,\"metadata\":{}},{\"name\":\"Check_moderate\",\"type\":\"integer\",\"nullable\":true,\"metadata\":{}},{\"name\":\"Check_no_inf\",\"type\":\"integer\",\"nullable\":true,\"metadata\":{}},{\"name\":\"Check_rich\",\"type\":\"integer\",\"nullable\":true,\"metadata\":{}},{\"name\":\"Age_cat_Young\",\"type\":\"integer\",\"nullable\":true,\"metadata\":{}},{\"name\":\"Age_cat_Adult\",\"type\":\"integer\",\"nullable\":true,\"metadata\":{}},{\"name\":\"Age_cat_Senior\",\"type\":\"integer\",\"nullable\":true,\"metadata\":{}}]}}}","additionalInfo":{"mleapFrameMetadata":{"leapFrame":"{\"schema\":{\"fields\":[{\"name\":\"Age\",\"type\":\"integer\"},{\"name\":\"Job\",\"type\":\"integer\"},{\"name\":\"Credit_amount\",\"type\":\"integer\"},{\"name\":\"Duration\",\"type\":\"integer\"},{\"name\":\"Purpose_car\",\"type\":\"integer\"},{\"name\":\"Purpose_domestic_appliances\",\"type\":\"integer\"},{\"name\":\"Purpose_education\",\"type\":\"integer\"},{\"name\":\"Purpose_furniture_equipment\",\"type\":\"integer\"},{\"name\":\"Purpose_radio_TV\",\"type\":\"integer\"},{\"name\":\"Purpose_repairs\",\"type\":\"integer\"},{\"name\":\"Purpose_vacation_others\",\"type\":\"integer\"},{\"name\":\"Sex_male\",\"type\":\"integer\"},{\"name\":\"Housing_own\",\"type\":\"integer\"},{\"name\":\"Housing_rent\",\"type\":\"integer\"},{\"name\":\"Savings_moderate\",\"type\":\"integer\"},{\"name\":\"Savings_no_inf\",\"type\":\"integer\"},{\"name\":\"Savings_quite_rich\",\"type\":\"integer\"},{\"name\":\"Savings_rich\",\"type\":\"integer\"},{\"name\":\"Check_moderate\",\"type\":\"integer\"},{\"name\":\"Check_no_inf\",\"type\":\"integer\"},{\"name\":\"Check_rich\",\"type\":\"integer\"},{\"name\":\"Age_cat_Young\",\"type\":\"integer\"},{\"name\":\"Age_cat_Adult\",\"type\":\"integer\"},{\"name\":\"Age_cat_Senior\",\"type\":\"integer\"}]},\"rows\":[[45,2,7882,42,0,0,0,1,0,0,0,1,0,0,0,0,0,0,0,0,0,0,1,0]]}","leapFrameSchema":"{\"schema\":{\"fields\":[{\"name\":\"Age\",\"type\":\"integer\"},{\"name\":\"Job\",\"type\":\"integer\"},{\"name\":\"Credit_amount\",\"type\":\"integer\"},{\"name\":\"Duration\",\"type\":\"integer\"},{\"name\":\"Purpose_car\",\"type\":\"integer\"},{\"name\":\"Purpose_domestic_appliances\",\"type\":\"integer\"},{\"name\":\"Purpose_education\",\"type\":\"integer\"},{\"name\":\"Purpose_furniture_equipment\",\"type\":\"integer\"},{\"name\":\"Purpose_radio_TV\",\"type\":\"integer\"},{\"name\":\"Purpose_repairs\",\"type\":\"integer\"},{\"name\":\"Purpose_vacation_others\",\"type\":\"integer\"},{\"name\":\"Sex_male\",\"type\":\"integer\"},{\"name\":\"Housing_own\",\"type\":\"integer\"},{\"name\":\"Housing_rent\",\"type\":\"integer\"},{\"name\":\"Savings_moderate\",\"type\":\"integer\"},{\"name\":\"Savings_no_inf\",\"type\":\"integer\"},{\"name\":\"Savings_quite_rich\",\"type\":\"integer\"},{\"name\":\"Savings_rich\",\"type\":\"integer\"},{\"name\":\"Check_moderate\",\"type\":\"integer\"},{\"name\":\"Check_no_inf\",\"type\":\"integer\"},{\"name\":\"Check_rich\",\"type\":\"integer\"},{\"name\":\"Age_cat_Young\",\"type\":\"integer\"},{\"name\":\"Age_cat_Adult\",\"type\":\"integer\"},{\"name\":\"Age_cat_Senior\",\"type\":\"integer\"}]},\"rows\":[[\"int\",\"int\",\"int\",\"int\",\"int\",\"int\",\"int\",\"int\",\"int\",\"int\",\"int\",\"int\",\"int\",\"int\",\"int\",\"int\",\"int\",\"int\",\"int\",\"int\",\"int\",\"int\",\"int\",\"int\"]]}"}},"inputSummary":{"nSamples":731,"numberOfPartitions":1,"analyzedColumns":[{"jsonClass":"NumericColumn","name":"Age","sparkColType":"IntegerType","minimumValue":19.0,"maximumValue":75.0,"mean":35.339261285909735,"standardDeviation":10.83334927157134,"numberOfMissingValues":0,"numberOfInfinityValues":0,"numberOfNANValues":0,"numberOfSamples":731,"attribute":"numeric","histogram":{"buckets":[19.0,21.8,24.6,27.4,30.2,33.0,35.8,38.6,41.4,44.2,47.0,49.8,52.6,55.4,58.2,61.0,63.8,66.6,69.4,72.2,75.0],"counts":[21,88,102,83,51,82,69,49,45,26,34,23,17,11,5,11,8,3,0,3],"entropy":0.8672265527459975},"histogramOfFrequencies":{"Bin 11 [47.0, 49.8[":34,"Bin 20 [72.2, 75.0]":3,"Bin 16 [61.0, 63.8[":11,"Bin 07 [35.8, 38.6[":69,"Bin 02 [21.8, 24.6[":88,"Bin 14 [55.4, 58.2[":11,"Bin 10 [44.2, 47.0[":26,"Bin 05 [30.2, 33.0[":51,"Bin 01 [19.0, 21.8[":21,"Bin 08 [38.6, 41.4[":49,"Bin 18 [66.6, 69.4[":3,"Bin 04 [27.4, 30.2[":83,"Bin 19 [69.4, 72.2[":0,"Bin 15 [58.2, 61.0[":5,"Bin 06 [33.0, 35.8[":82,"Bin 17 [63.8, 66.6[":8,"Bin 03 [24.6, 27.4[":102,"Bin 12 [49.8, 52.6[":23,"Bin 09 [41.4, 44.2[":45,"Bin 13 [52.6, 55.4[":17},"featureQuality":100},{"jsonClass":"CategoricalColumn","name":"Job","sparkColType":"IntegerType","values":["0","1","2","3"],"numberOfMissingValues":0,"numberOfSamples":731,"attribute":"categorical","occurrenceCounts":{"3":108,"2":450,"1":155,"0":18},"featureQuality":100},{"jsonClass":"NumericColumn","name":"Credit_amount","sparkColType":"IntegerType","minimumValue":250.0,"maximumValue":18424.0,"mean":3228.12038303694,"standardDeviation":2820.0316080532803,"numberOfMissingValues":0,"numberOfInfinityValues":0,"numberOfNANValues":0,"numberOfSamples":731,"attribute":"numeric","histogram":{"buckets":[250.0,1158.7,2067.4,2976.1,3884.8,4793.5,5702.2,6610.9,7519.6,8428.3,9337.0,10245.7,11154.4,12063.1,12971.8,13880.5,14789.2,15697.9,16606.6,17515.3,18424.0],"counts":[113,210,134,92,50,16,30,25,16,13,8,3,4,6,1,5,3,1,0,1],"entropy":0.7047725300335509},"histogramOfFrequencies":{"Bin 07 [5702.2, 6610.9[":30,"Bin 03 [2067.4, 2976.1[":134,"Bin 08 [6610.9, 7519.6[":25,"Bin 10 [8428.3, 9337.0[":13,"Bin 12 [10245.7, 11154.4[":3,"Bin 15 [12971.8, 13880.5[":1,"Bin 06 [4793.5, 5702.2[":16,"Bin 04 [2976.1, 3884.8[":92,"Bin 20 [17515.3, 18424.0]":1,"Bin 13 [11154.4, 12063.1[":4,"Bin 09 [7519.6, 8428.3[":16,"Bin 11 [9337.0, 10245.7[":8,"Bin 05 [3884.8, 4793.5[":50,"Bin 19 [16606.6, 17515.3[":0,"Bin 18 [15697.9, 16606.6[":1,"Bin 17 [14789.2, 15697.9[":3,"Bin 02 [1158.7, 2067.4[":210,"Bin 01 [250.0, 1158.7[":113,"Bin 14 [12063.1, 12971.8[":6,"Bin 16 [13880.5, 14789.2[":5},"featureQuality":100},{"jsonClass":"NumericColumn","name":"Duration","sparkColType":"IntegerType","minimumValue":4.0,"maximumValue":72.0,"mean":20.630642954856338,"standardDeviation":12.070697769993911,"numberOfMissingValues":0,"numberOfInfinityValues":0,"numberOfNANValues":0,"numberOfSamples":731,"attribute":"numeric","histogram":{"buckets":[4.0,7.4,10.8,14.2,17.6,21.0,24.4,27.8,31.2,34.6,38.0,41.4,44.8,48.2,51.6,55.0,58.4,61.8,65.2,68.6,72.0],"counts":[68,60,146,49,94,152,10,29,2,60,3,7,39,0,1,0,10,0,0,1],"entropy":0.7435919562147334},"histogramOfFrequencies":{"Bin 20 [68.6, 72.0]":1,"Bin 08 [27.8, 31.2[":29,"Bin 13 [44.8, 48.2[":39,"Bin 10 [34.6, 38.0[":60,"Bin 09 [31.2, 34.6[":2,"Bin 11 [38.0, 41.4[":3,"Bin 04 [14.2, 17.6[":49,"Bin 03 [10.8, 14.2[":146,"Bin 06 [21.0, 24.4[":152,"Bin 12 [41.4, 44.8[":7,"Bin 14 [48.2, 51.6[":0,"Bin 18 [61.8, 65.2[":0,"Bin 17 [58.4, 61.8[":10,"Bin 16 [55.0, 58.4[":0,"Bin 05 [17.6, 21.0[":94,"Bin 07 [24.4, 27.8[":10,"Bin 15 [51.6, 55.0[":1,"Bin 19 [65.2, 68.6[":0,"Bin 02 [7.4, 10.8[":60,"Bin 01 [4.0, 7.4[":68},"featureQuality":100},{"jsonClass":"BinaryColumn","name":"Purpose_car","sparkColType":"IntegerType","values":["0","1"],"numberOfMissingValues":0,"numberOfSamples":731,"attribute":"binary","occurrenceCounts":{"0":485,"1":246},"featureQuality":100},{"jsonClass":"BinaryColumn","name":"Purpose_domestic_appliances","sparkColType":"IntegerType","values":["0","1"],"numberOfMissingValues":0,"numberOfSamples":731,"attribute":"binary","occurrenceCounts":{"0":724,"1":7},"featureQuality":100},{"jsonClass":"BinaryColumn","name":"Purpose_education","sparkColType":"IntegerType","values":["0","1"],"numberOfMissingValues":0,"numberOfSamples":731,"attribute":"binary","occurrenceCounts":{"0":689,"1":42},"featureQuality":100},{"jsonClass":"BinaryColumn","name":"Purpose_furniture_equipment","sparkColType":"IntegerType","values":["0","1"],"numberOfMissingValues":0,"numberOfSamples":731,"attribute":"binary","occurrenceCounts":{"1":134,"0":597},"featureQuality":100},{"jsonClass":"BinaryColumn","name":"Purpose_radio_TV","sparkColType":"IntegerType","values":["0","1"],"numberOfMissingValues":0,"numberOfSamples":731,"attribute":"binary","occurrenceCounts":{"0":519,"1":212},"featureQuality":100},{"jsonClass":"BinaryColumn","name":"Purpose_repairs","sparkColType":"IntegerType","values":["0","1"],"numberOfMissingValues":0,"numberOfSamples":731,"attribute":"binary","occurrenceCounts":{"0":722,"1":9},"featureQuality":100},{"jsonClass":"BinaryColumn","name":"Purpose_vacation_others","sparkColType":"IntegerType","values":["0","1"],"numberOfMissingValues":0,"numberOfSamples":731,"attribute":"binary","occurrenceCounts":{"0":722,"1":9},"featureQuality":100},{"jsonClass":"BinaryColumn","name":"Sex_male","sparkColType":"IntegerType","values":["0","1"],"numberOfMissingValues":0,"numberOfSamples":731,"attribute":"binary","occurrenceCounts":{"1":496,"0":235},"featureQuality":100},{"jsonClass":"BinaryColumn","name":"Housing_own","sparkColType":"IntegerType","values":["0","1"],"numberOfMissingValues":0,"numberOfSamples":731,"attribute":"binary","occurrenceCounts":{"0":210,"1":521},"featureQuality":100},{"jsonClass":"BinaryColumn","name":"Housing_rent","sparkColType":"IntegerType","values":["0","1"],"numberOfMissingValues":0,"numberOfSamples":731,"attribute":"binary","occurrenceCounts":{"0":597,"1":134},"featureQuality":100},{"jsonClass":"BinaryColumn","name":"Savings_moderate","sparkColType":"IntegerType","values":["0","1"],"numberOfMissingValues":0,"numberOfSamples":731,"attribute":"binary","occurrenceCounts":{"0":647,"1":84},"featureQuality":100},{"jsonClass":"BinaryColumn","name":"Savings_no_inf","sparkColType":"IntegerType","values":["0","1"],"numberOfMissingValues":0,"numberOfSamples":731,"attribute":"binary","occurrenceCounts":{"0":593,"1":138},"featureQuality":100},{"jsonClass":"BinaryColumn","name":"Savings_quite_rich","sparkColType":"IntegerType","values":["0","1"],"numberOfMissingValues":0,"numberOfSamples":731,"attribute":"binary","occurrenceCounts":{"0":685,"1":46},"featureQuality":100},{"jsonClass":"BinaryColumn","name":"Savings_rich","sparkColType":"IntegerType","values":["0","1"],"numberOfMissingValues":0,"numberOfSamples":731,"attribute":"binary","occurrenceCounts":{"0":697,"1":34},"featureQuality":100},{"jsonClass":"BinaryColumn","name":"Check_moderate","sparkColType":"IntegerType","values":["0","1"],"numberOfMissingValues":0,"numberOfSamples":731,"attribute":"binary","occurrenceCounts":{"0":536,"1":195},"featureQuality":100},{"jsonClass":"BinaryColumn","name":"Check_no_inf","sparkColType":"IntegerType","values":["0","1"],"numberOfMissingValues":0,"numberOfSamples":731,"attribute":"binary","occurrenceCounts":{"0":432,"1":299},"featureQuality":100},{"jsonClass":"BinaryColumn","name":"Check_rich","sparkColType":"IntegerType","values":["0","1"],"numberOfMissingValues":0,"numberOfSamples":731,"attribute":"binary","occurrenceCounts":{"0":689,"1":42},"featureQuality":100},{"jsonClass":"BinaryColumn","name":"Age_cat_Young","sparkColType":"IntegerType","values":["0","1"],"numberOfMissingValues":0,"numberOfSamples":731,"attribute":"binary","occurrenceCounts":{"0":441,"1":290},"featureQuality":100},{"jsonClass":"BinaryColumn","name":"Age_cat_Adult","sparkColType":"IntegerType","values":["0","1"],"numberOfMissingValues":0,"numberOfSamples":731,"attribute":"binary","occurrenceCounts":{"1":279,"0":452},"featureQuality":100},{"jsonClass":"BinaryColumn","name":"Age_cat_Senior","sparkColType":"IntegerType","values":["0","1"],"numberOfMissingValues":0,"numberOfSamples":731,"attribute":"binary","occurrenceCounts":{"0":706,"1":25},"featureQuality":100},{"jsonClass":"BinaryColumn","name":"Risk_bad","sparkColType":"IntegerType","values":["0","1"],"numberOfMissingValues":0,"numberOfSamples":731,"attribute":"binary","occurrenceCounts":{"0":517,"1":214},"featureQuality":100}]}},"metrics":{"id":"4640ce35-8455-4d9d-8882-a33118d4eb4c","metrics":[{"jsonClass":"MultiMetric","id":"804d99fc-707b-4ce5-8087-6f77e7ba296f","name":"Train metrics","data":[{"name":"Number of samples","value":"731"},{"name":"Precision","value":"0.4063926940639269"},{"name":"Recall","value":"0.4158878504672897"},{"name":"F1","value":"0.41108545034642024"},{"name":"Error","value":"0.3488372093023256"},{"name":"AuPR","value":"0.29046059525941514"},{"name":"AuROC","value":"0.4505504437896563"}],"type":"multiMetric"},{"jsonClass":"MatrixMetric","id":"9c5fe00f-0627-4c4a-be5e-8b8abcaf4109","name":"Train - Confusion Matrix","data":[["89.0","125.0"],["130.0","387.0"]],"columns":{"names":["1.0","0.0"],"label":"Predicted value"},"rows":{"names":["1.0","0.0"],"label":"Actual value"},"type":"matrix"},{"jsonClass":"LineChart","id":"5a8cb9d1-3dba-4c25-8b49-327943eede8a","name":"Precision by Threshold","data":[{"name":"Train","data":[{"-212.48698068415732":"0.42857142857142855"},{"-219.75735806720925":"0.35714285714285715"},{"-222.67242785768582":"0.42857142857142855"},{"-227.35312853893237":"0.42857142857142855"},{"-232.5673917192252":"0.37142857142857144"},{"-240.21596387429784":"0.35714285714285715"},{"-244.62714409888036":"0.32653061224489793"},{"-248.2392720608623":"0.32142857142857145"},{"-250.90358828458292":"0.3492063492063492"},{"-254.37486561473696":"0.34285714285714286"},{"-260.29748921920293":"0.35064935064935066"},{"-265.45413306586363":"0.34523809523809523"},{"-270.42335547364377":"0.34065934065934067"},{"-272.36752969518926":"0.336734693877551"},{"-275.17132700385355":"0.3333333333333333"},{"-277.64417994856257":"0.33035714285714285"},{"-279.7099673045985":"0.3277310924369748"},{"-280.5706397349635":"0.3253968253968254"},{"-283.05275493864974":"0.3308270676691729"},{"-287.1750416230045":"0.32142857142857145"},{"-289.7230758983423":"0.3129251700680272"},{"-291.4850649674192":"0.3116883116883117"},{"-292.80053788379416":"0.3167701863354037"},{"-295.80842382609785":"0.31547619047619047"},{"-299.9870022745713":"0.30857142857142855"},{"-301.75511520176303":"0.3021978021978022"},{"-304.008117691089":"0.291005291005291"},{"-306.35285076184965":"0.29081632653061223"},{"-309.65928936543713":"0.28078817733990147"},{"-311.39232083050877":"0.2761904761904762"},{"-313.3241228246741":"0.28110599078341014"},{"-318.6014291506352":"0.2857142857142857"},{"-321.34034780233765":"0.2813852813852814"},{"-322.87773189086107":"0.2773109243697479"},{"-323.683107588174":"0.2693877551020408"},{"-326.254712670411":"0.28174603174603174"},{"-328.07340310611363":"0.277992277992278"},{"-329.4880888536551":"0.2706766917293233"},{"-331.3863301628074":"0.2783882783882784"},{"-334.1100876791402":"0.2785714285714286"},{"-335.6092566288746":"0.27177700348432055"},{"-337.7747300594778":"0.2687074829931973"},{"-341.688269034804":"0.26578073089701"},{"-344.24777620074605":"0.262987012987013"},{"-345.92474965693987":"0.2698412698412698"},{"-347.9467838687255":"0.2670807453416149"},{"-351.44993433200415":"0.2674772036474164"},{"-353.2344317019394":"0.26785714285714285"},{"-355.99817040412296":"0.2653061224489796"},{"-357.4404727078365":"0.26285714285714284"},{"-361.05970159426744":"0.2661064425770308"},{"-362.86727381209136":"0.26373626373626374"},{"-365.3990347126969":"0.261455525606469"},{"-367.6792295711679":"0.26455026455026454"},{"-372.72539014675857":"0.2623376623376623"},{"-373.6528765788812":"0.2602040816326531"},{"-375.94914201912644":"0.2606516290726817"},{"-379.34064298418707":"0.25862068965517243"},{"-381.0850551476855":"0.26150121065375304"},{"-383.17009468413704":"0.25952380952380955"},{"-385.63243413200195":"0.26229508196721313"},{"-388.3231532182014":"0.2626728110599078"},{"-390.4595652524107":"0.2585034013605442"},{"-393.9550703553983":"0.26339285714285715"},{"-397.50356309825077":"0.26153846153846155"},{"-401.6149845612361":"0.2597402597402597"},{"-403.05587340509413":"0.2601279317697228"},{"-406.6159156472283":"0.2605042016806723"},{"-410.9903855047037":"0.2587991718426501"},{"-413.7381645814605":"0.25510204081632654"},{"-417.64051883413094":"0.2515090543259557"},{"-420.5108473190462":"0.25396825396825395"},{"-423.1469278520628":"0.2602739726027397"},{"-427.2380475350809":"0.2625482625482625"},{"-432.3099658414419":"0.26285714285714284"},{"-435.36613385677595":"0.26127819548872183"},{"-438.5684452784894":"0.2597402597402597"},{"-443.273507680692":"0.26373626373626374"},{"-446.2605310342635":"0.2640144665461121"},{"-452.4533581782088":"0.2625"},{"-456.18350720020317":"0.26455026455026454"},{"-461.82626577596193":"0.26480836236933797"},{"-466.7492617014355":"0.2633390705679862"},{"-471.7473619251195":"0.2653061224489796"},{"-475.53384178312945":"0.2638655462184874"},{"-479.59493063690445":"0.26245847176079734"},{"-487.61157028320673":"0.2594417077175698"},{"-493.1570193679983":"0.26461038961038963"},{"-495.63162200094047":"0.2696629213483146"},{"-501.8325091543351":"0.2698412698412698"},{"-510.7961359190726":"0.27001569858712715"},{"-522.2385181412806":"0.2717391304347826"},{"-527.5679660420203":"0.27342549923195086"},{"-538.344580075503":"0.2750759878419453"},{"-544.3757671092125":"0.2736842105263158"},{"-553.6252333619748":"0.2767857142857143"},{"-572.7125775388386":"0.2768777614138439"},{"-587.5637004836783":"0.27696793002915454"},{"-601.3357081551264":"0.27994227994227994"},{"-618.3796094804914":"0.2785714285714286"},{"-638.1063485871271":"0.2814710042432815"},{"-656.985222230723":"0.28431372549019607"},{"-687.0912178996642":"0.2884882108183079"},{"-763.3150876299927":"0.29120879120879123"},{"-902.4298416191685":"0.292749658002736"}]}],"xLabel":"Threshold","yLabel":"Precision","type":"lines"},{"jsonClass":"LineChart","id":"224a2feb-c5cd-41dc-bdb6-b36fe2b3644c","name":"Recall by Threshold","data":[{"name":"Train","data":[{"-212.48698068415732":"0.014018691588785047"},{"-219.75735806720925":"0.02336448598130841"},{"-222.67242785768582":"0.04205607476635514"},{"-227.35312853893237":"0.056074766355140186"},{"-232.5673917192252":"0.06074766355140187"},{"-240.21596387429784":"0.07009345794392523"},{"-244.62714409888036":"0.07476635514018691"},{"-248.2392720608623":"0.08411214953271028"},{"-250.90358828458292":"0.102803738317757"},{"-254.37486561473696":"0.11214953271028037"},{"-260.29748921920293":"0.1261682242990654"},{"-265.45413306586363":"0.13551401869158877"},{"-270.42335547364377":"0.14485981308411214"},{"-272.36752969518926":"0.1542056074766355"},{"-275.17132700385355":"0.16355140186915887"},{"-277.64417994856257":"0.17289719626168223"},{"-279.7099673045985":"0.1822429906542056"},{"-280.5706397349635":"0.19158878504672897"},{"-283.05275493864974":"0.205607476635514"},{"-287.1750416230045":"0.2102803738317757"},{"-289.7230758983423":"0.21495327102803738"},{"-291.4850649674192":"0.22429906542056074"},{"-292.80053788379416":"0.2383177570093458"},{"-295.80842382609785":"0.24766355140186916"},{"-299.9870022745713":"0.2523364485981308"},{"-301.75511520176303":"0.2570093457943925"},{"-304.008117691089":"0.2570093457943925"},{"-306.35285076184965":"0.26635514018691586"},{"-309.65928936543713":"0.26635514018691586"},{"-311.39232083050877":"0.27102803738317754"},{"-313.3241228246741":"0.2850467289719626"},{"-318.6014291506352":"0.29906542056074764"},{"-321.34034780233765":"0.3037383177570093"},{"-322.87773189086107":"0.308411214953271"},{"-323.683107588174":"0.308411214953271"},{"-326.254712670411":"0.3317757009345794"},{"-328.07340310611363":"0.3364485981308411"},{"-329.4880888536551":"0.3364485981308411"},{"-331.3863301628074":"0.35514018691588783"},{"-334.1100876791402":"0.3644859813084112"},{"-335.6092566288746":"0.3644859813084112"},{"-337.7747300594778":"0.3691588785046729"},{"-341.688269034804":"0.37383177570093457"},{"-344.24777620074605":"0.37850467289719625"},{"-345.92474965693987":"0.397196261682243"},{"-347.9467838687255":"0.40186915887850466"},{"-351.44993433200415":"0.411214953271028"},{"-353.2344317019394":"0.4205607476635514"},{"-355.99817040412296":"0.4252336448598131"},{"-357.4404727078365":"0.42990654205607476"},{"-361.05970159426744":"0.4439252336448598"},{"-362.86727381209136":"0.4485981308411215"},{"-365.3990347126969":"0.4532710280373832"},{"-367.6792295711679":"0.4672897196261682"},{"-372.72539014675857":"0.4719626168224299"},{"-373.6528765788812":"0.4766355140186916"},{"-375.94914201912644":"0.48598130841121495"},{"-379.34064298418707":"0.49065420560747663"},{"-381.0850551476855":"0.5046728971962616"},{"-383.17009468413704":"0.5093457943925234"},{"-385.63243413200195":"0.5233644859813084"},{"-388.3231532182014":"0.5327102803738317"},{"-390.4595652524107":"0.5327102803738317"},{"-393.9550703553983":"0.5514018691588785"},{"-397.50356309825077":"0.5560747663551402"},{"-401.6149845612361":"0.5607476635514018"},{"-403.05587340509413":"0.5700934579439252"},{"-406.6159156472283":"0.5794392523364486"},{"-410.9903855047037":"0.5841121495327103"},{"-413.7381645814605":"0.5841121495327103"},{"-417.64051883413094":"0.5841121495327103"},{"-420.5108473190462":"0.5981308411214953"},{"-423.1469278520628":"0.6214953271028038"},{"-427.2380475350809":"0.6355140186915887"},{"-432.3099658414419":"0.6448598130841121"},{"-435.36613385677595":"0.6495327102803738"},{"-438.5684452784894":"0.6542056074766355"},{"-443.273507680692":"0.6728971962616822"},{"-446.2605310342635":"0.6822429906542056"},{"-452.4533581782088":"0.6869158878504673"},{"-456.18350720020317":"0.7009345794392523"},{"-461.82626577596193":"0.7102803738317757"},{"-466.7492617014355":"0.7149532710280374"},{"-471.7473619251195":"0.7289719626168224"},{"-475.53384178312945":"0.7336448598130841"},{"-479.59493063690445":"0.7383177570093458"},{"-487.61157028320673":"0.7383177570093458"},{"-493.1570193679983":"0.7616822429906542"},{"-495.63162200094047":"0.7850467289719626"},{"-501.8325091543351":"0.794392523364486"},{"-510.7961359190726":"0.8037383177570093"},{"-522.2385181412806":"0.8177570093457944"},{"-527.5679660420203":"0.8317757009345794"},{"-538.344580075503":"0.8457943925233645"},{"-544.3757671092125":"0.8504672897196262"},{"-553.6252333619748":"0.8691588785046729"},{"-572.7125775388386":"0.8785046728971962"},{"-587.5637004836783":"0.8878504672897196"},{"-601.3357081551264":"0.9065420560747663"},{"-618.3796094804914":"0.9112149532710281"},{"-638.1063485871271":"0.9299065420560748"},{"-656.985222230723":"0.9485981308411215"},{"-687.0912178996642":"0.9719626168224299"},{"-763.3150876299927":"0.9906542056074766"},{"-902.4298416191685":"1.0"}]}],"xLabel":"Threshold","yLabel":"Recall","type":"lines"},{"jsonClass":"LineChart","id":"a8cafb7e-192a-41f9-840f-c2c7c71af99c","name":"F1 by Threshold","data":[{"name":"Train","data":[{"-212.48698068415732":"0.027149321266968323"},{"-219.75735806720925":"0.043859649122807015"},{"-222.67242785768582":"0.07659574468085106"},{"-227.35312853893237":"0.09917355371900825"},{"-232.5673917192252":"0.10441767068273092"},{"-240.21596387429784":"0.11718749999999999"},{"-244.62714409888036":"0.12167300380228137"},{"-248.2392720608623":"0.13333333333333333"},{"-250.90358828458292":"0.15884476534296027"},{"-254.37486561473696":"0.16901408450704225"},{"-260.29748921920293":"0.18556701030927836"},{"-265.45413306586363":"0.19463087248322147"},{"-270.42335547364377":"0.2032786885245902"},{"-272.36752969518926":"0.2115384615384615"},{"-275.17132700385355":"0.21943573667711597"},{"-277.64417994856257":"0.22699386503067484"},{"-279.7099673045985":"0.23423423423423423"},{"-280.5706397349635":"0.24117647058823527"},{"-283.05275493864974":"0.25360230547550433"},{"-287.1750416230045":"0.2542372881355932"},{"-289.7230758983423":"0.25484764542936283"},{"-291.4850649674192":"0.2608695652173913"},{"-292.80053788379416":"0.27199999999999996"},{"-295.80842382609785":"0.2774869109947644"},{"-299.9870022745713":"0.27763496143958866"},{"-301.75511520176303":"0.27777777777777773"},{"-304.008117691089":"0.27295285359801486"},{"-306.35285076184965":"0.27804878048780485"},{"-309.65928936543713":"0.27338129496402874"},{"-311.39232083050877":"0.27358490566037735"},{"-313.3241228246741":"0.28306264501160094"},{"-318.6014291506352":"0.2922374429223744"},{"-321.34034780233765":"0.2921348314606742"},{"-322.87773189086107":"0.29203539823008845"},{"-323.683107588174":"0.2875816993464052"},{"-326.254712670411":"0.30472103004291845"},{"-328.07340310611363":"0.3044397463002114"},{"-329.4880888536551":"0.29999999999999993"},{"-331.3863301628074":"0.31211498973305957"},{"-334.1100876791402":"0.3157894736842105"},{"-335.6092566288746":"0.31137724550898205"},{"-337.7747300594778":"0.3110236220472441"},{"-341.688269034804":"0.31067961165048547"},{"-344.24777620074605":"0.3103448275862069"},{"-345.92474965693987":"0.3213610586011342"},{"-347.9467838687255":"0.3208955223880597"},{"-351.44993433200415":"0.3241252302025782"},{"-353.2344317019394":"0.32727272727272727"},{"-355.99817040412296":"0.3267504488330341"},{"-357.4404727078365":"0.326241134751773"},{"-361.05970159426744":"0.33274956217162877"},{"-362.86727381209136":"0.33217993079584773"},{"-365.3990347126969":"0.3316239316239316"},{"-367.6792295711679":"0.33783783783783783"},{"-372.72539014675857":"0.337228714524207"},{"-373.6528765788812":"0.3366336633663366"},{"-375.94914201912644":"0.3393148450244698"},{"-379.34064298418707":"0.3387096774193548"},{"-381.0850551476855":"0.3444976076555024"},{"-383.17009468413704":"0.3438485804416404"},{"-385.63243413200195":"0.3494539781591264"},{"-388.3231532182014":"0.3518518518518518"},{"-390.4595652524107":"0.34809160305343506"},{"-393.9550703553983":"0.35649546827794554"},{"-397.50356309825077":"0.3557548579970105"},{"-401.6149845612361":"0.3550295857988165"},{"-403.05587340509413":"0.35724743777452417"},{"-406.6159156472283":"0.35942028985507246"},{"-410.9903855047037":"0.3586800573888092"},{"-413.7381645814605":"0.35511363636363635"},{"-417.64051883413094":"0.3516174402250351"},{"-420.5108473190462":"0.35654596100278546"},{"-423.1469278520628":"0.3668965517241379"},{"-427.2380475350809":"0.3715846994535518"},{"-432.3099658414419":"0.3734776725304465"},{"-435.36613385677595":"0.37265415549597863"},{"-438.5684452784894":"0.3718459495351925"},{"-443.273507680692":"0.37894736842105264"},{"-446.2605310342635":"0.38070404172099087"},{"-452.4533581782088":"0.3798449612403101"},{"-456.18350720020317":"0.3841229193341869"},{"-461.82626577596193":"0.38578680203045684"},{"-466.7492617014355":"0.3849056603773585"},{"-471.7473619251195":"0.38902743142144647"},{"-475.53384178312945":"0.38813349814585907"},{"-479.59493063690445":"0.38725490196078427"},{"-487.61157028320673":"0.3839611178614824"},{"-493.1570193679983":"0.3927710843373495"},{"-495.63162200094047":"0.4014336917562724"},{"-501.8325091543351":"0.4028436018957346"},{"-510.7961359190726":"0.40423031727379555"},{"-522.2385181412806":"0.407925407925408"},{"-527.5679660420203":"0.4115606936416185"},{"-538.344580075503":"0.4151376146788991"},{"-544.3757671092125":"0.41410693970420936"},{"-553.6252333619748":"0.4198645598194131"},{"-572.7125775388386":"0.4210526315789474"},{"-587.5637004836783":"0.4222222222222222"},{"-601.3357081551264":"0.42778390297684676"},{"-618.3796094804914":"0.42669584245076597"},{"-638.1063485871271":"0.43213897937024975"},{"-656.985222230723":"0.43750000000000006"},{"-687.0912178996642":"0.44491978609625665"},{"-763.3150876299927":"0.4501061571125266"},{"-902.4298416191685":"0.45291005291005293"}]}],"xLabel":"Threshold","yLabel":"F1","type":"lines"},{"jsonClass":"LineChart","id":"8e7a40c6-58a1-48ca-b739-0a41f5640a86","name":"Precision-Recall curve","data":[{"name":"Train","data":[{"0.014018691588785047":"0.42857142857142855"},{"0.02336448598130841":"0.35714285714285715"},{"0.04205607476635514":"0.42857142857142855"},{"0.056074766355140186":"0.42857142857142855"},{"0.06074766355140187":"0.37142857142857144"},{"0.07009345794392523":"0.35714285714285715"},{"0.07476635514018691":"0.32653061224489793"},{"0.08411214953271028":"0.32142857142857145"},{"0.102803738317757":"0.3492063492063492"},{"0.11214953271028037":"0.34285714285714286"},{"0.1261682242990654":"0.35064935064935066"},{"0.13551401869158877":"0.34523809523809523"},{"0.14485981308411214":"0.34065934065934067"},{"0.1542056074766355":"0.336734693877551"},{"0.16355140186915887":"0.3333333333333333"},{"0.17289719626168223":"0.33035714285714285"},{"0.1822429906542056":"0.3277310924369748"},{"0.19158878504672897":"0.3253968253968254"},{"0.205607476635514":"0.3308270676691729"},{"0.2102803738317757":"0.32142857142857145"},{"0.21495327102803738":"0.3129251700680272"},{"0.22429906542056074":"0.3116883116883117"},{"0.2383177570093458":"0.3167701863354037"},{"0.24766355140186916":"0.31547619047619047"},{"0.2523364485981308":"0.30857142857142855"},{"0.2570093457943925":"0.3021978021978022"},{"0.2570093457943925":"0.291005291005291"},{"0.26635514018691586":"0.29081632653061223"},{"0.26635514018691586":"0.28078817733990147"},{"0.27102803738317754":"0.2761904761904762"},{"0.2850467289719626":"0.28110599078341014"},{"0.29906542056074764":"0.2857142857142857"},{"0.3037383177570093":"0.2813852813852814"},{"0.308411214953271":"0.2773109243697479"},{"0.308411214953271":"0.2693877551020408"},{"0.3317757009345794":"0.28174603174603174"},{"0.3364485981308411":"0.277992277992278"},{"0.3364485981308411":"0.2706766917293233"},{"0.35514018691588783":"0.2783882783882784"},{"0.3644859813084112":"0.2785714285714286"},{"0.3644859813084112":"0.27177700348432055"},{"0.3691588785046729":"0.2687074829931973"},{"0.37383177570093457":"0.26578073089701"},{"0.37850467289719625":"0.262987012987013"},{"0.397196261682243":"0.2698412698412698"},{"0.40186915887850466":"0.2670807453416149"},{"0.411214953271028":"0.2674772036474164"},{"0.4205607476635514":"0.26785714285714285"},{"0.4252336448598131":"0.2653061224489796"},{"0.42990654205607476":"0.26285714285714284"},{"0.4439252336448598":"0.2661064425770308"},{"0.4485981308411215":"0.26373626373626374"},{"0.4532710280373832":"0.261455525606469"},{"0.4672897196261682":"0.26455026455026454"},{"0.4719626168224299":"0.2623376623376623"},{"0.4766355140186916":"0.2602040816326531"},{"0.48598130841121495":"0.2606516290726817"},{"0.49065420560747663":"0.25862068965517243"},{"0.5046728971962616":"0.26150121065375304"},{"0.5093457943925234":"0.25952380952380955"},{"0.5233644859813084":"0.26229508196721313"},{"0.5327102803738317":"0.2626728110599078"},{"0.5327102803738317":"0.2585034013605442"},{"0.5514018691588785":"0.26339285714285715"},{"0.5560747663551402":"0.26153846153846155"},{"0.5607476635514018":"0.2597402597402597"},{"0.5700934579439252":"0.2601279317697228"},{"0.5794392523364486":"0.2605042016806723"},{"0.5841121495327103":"0.2587991718426501"},{"0.5841121495327103":"0.25510204081632654"},{"0.5841121495327103":"0.2515090543259557"},{"0.5981308411214953":"0.25396825396825395"},{"0.6214953271028038":"0.2602739726027397"},{"0.6355140186915887":"0.2625482625482625"},{"0.6448598130841121":"0.26285714285714284"},{"0.6495327102803738":"0.26127819548872183"},{"0.6542056074766355":"0.2597402597402597"},{"0.6728971962616822":"0.26373626373626374"},{"0.6822429906542056":"0.2640144665461121"},{"0.6869158878504673":"0.2625"},{"0.7009345794392523":"0.26455026455026454"},{"0.7102803738317757":"0.26480836236933797"},{"0.7149532710280374":"0.2633390705679862"},{"0.7289719626168224":"0.2653061224489796"},{"0.7336448598130841":"0.2638655462184874"},{"0.7383177570093458":"0.26245847176079734"},{"0.7383177570093458":"0.2594417077175698"},{"0.7616822429906542":"0.26461038961038963"},{"0.7850467289719626":"0.2696629213483146"},{"0.794392523364486":"0.2698412698412698"},{"0.8037383177570093":"0.27001569858712715"},{"0.8177570093457944":"0.2717391304347826"},{"0.8317757009345794":"0.27342549923195086"},{"0.8457943925233645":"0.2750759878419453"},{"0.8504672897196262":"0.2736842105263158"},{"0.8691588785046729":"0.2767857142857143"},{"0.8785046728971962":"0.2768777614138439"},{"0.8878504672897196":"0.27696793002915454"},{"0.9065420560747663":"0.27994227994227994"},{"0.9112149532710281":"0.2785714285714286"},{"0.9299065420560748":"0.2814710042432815"},{"0.9485981308411215":"0.28431372549019607"},{"0.9719626168224299":"0.2884882108183079"},{"0.9906542056074766":"0.29120879120879123"},{"1.0":"0.292749658002736"}]}],"xLabel":"Recall","yLabel":"Precision","type":"lines"},{"jsonClass":"LineChart","id":"e88c9728-bc3a-4617-9c2c-9cc608346127","name":"ROC curve","data":[{"name":"Train","data":[{"0.007736943907156673":"0.014018691588785047"},{"0.017408123791102514":"0.02336448598130841"},{"0.02321083172147002":"0.04205607476635514"},{"0.030947775628626693":"0.056074766355140186"},{"0.0425531914893617":"0.06074766355140187"},{"0.05222437137330754":"0.07009345794392523"},{"0.06382978723404255":"0.07476635514018691"},{"0.0735009671179884":"0.08411214953271028"},{"0.07930367504835589":"0.102803738317757"},{"0.08897485493230174":"0.11214953271028037"},{"0.09671179883945841":"0.1261682242990654"},{"0.10638297872340426":"0.13551401869158877"},{"0.11605415860735009":"0.14485981308411214"},{"0.12572533849129594":"0.1542056074766355"},{"0.13539651837524178":"0.16355140186915887"},{"0.1450676982591876":"0.17289719626168223"},{"0.15473887814313347":"0.1822429906542056"},{"0.1644100580270793":"0.19158878504672897"},{"0.172147001934236":"0.205607476635514"},{"0.18375241779497098":"0.2102803738317757"},{"0.195357833655706":"0.21495327102803738"},{"0.20502901353965183":"0.22429906542056074"},{"0.2127659574468085":"0.2383177570093458"},{"0.22243713733075435":"0.24766355140186916"},{"0.23404255319148937":"0.2523364485981308"},{"0.24564796905222436":"0.2570093457943925"},{"0.25918762088974856":"0.2570093457943925"},{"0.2688588007736944":"0.26635514018691586"},{"0.28239845261121854":"0.26635514018691586"},{"0.2940038684719536":"0.27102803738317754"},{"0.30174081237911027":"0.2850467289719626"},{"0.30947775628626695":"0.29906542056074764"},{"0.32108317214700194":"0.3037383177570093"},{"0.33268858800773693":"0.308411214953271"},{"0.34622823984526113":"0.308411214953271"},{"0.35009671179883944":"0.3317757009345794"},{"0.3617021276595745":"0.3364485981308411"},{"0.37524177949709864":"0.3364485981308411"},{"0.38104448742746616":"0.35514018691588783"},{"0.390715667311412":"0.3644859813084112"},{"0.40425531914893614":"0.3644859813084112"},{"0.4158607350096712":"0.3691588785046729"},{"0.4274661508704062":"0.37383177570093457"},{"0.43907156673114117":"0.37850467289719625"},{"0.4448742746615087":"0.397196261682243"},{"0.4564796905222437":"0.40186915887850466"},{"0.4661508704061896":"0.411214953271028"},{"0.4758220502901354":"0.4205607476635514"},{"0.4874274661508704":"0.4252336448598131"},{"0.4990328820116054":"0.42990654205607476"},{"0.5067698259187621":"0.4439252336448598"},{"0.5183752417794971":"0.4485981308411215"},{"0.5299806576402321":"0.4532710280373832"},{"0.5377176015473888":"0.4672897196261682"},{"0.5493230174081238":"0.4719626168224299"},{"0.5609284332688588":"0.4766355140186916"},{"0.5705996131528046":"0.48598130841121495"},{"0.5822050290135397":"0.49065420560747663"},{"0.5899419729206963":"0.5046728971962616"},{"0.6015473887814313":"0.5093457943925234"},{"0.6092843326885881":"0.5233644859813084"},{"0.6189555125725339":"0.5327102803738317"},{"0.632495164410058":"0.5327102803738317"},{"0.6382978723404256":"0.5514018691588785"},{"0.6499032882011605":"0.5560747663551402"},{"0.6615087040618955":"0.5607476635514018"},{"0.6711798839458414":"0.5700934579439252"},{"0.6808510638297872":"0.5794392523364486"},{"0.6924564796905223":"0.5841121495327103"},{"0.7059961315280464":"0.5841121495327103"},{"0.7195357833655706":"0.5841121495327103"},{"0.7272727272727273":"0.5981308411214953"},{"0.7311411992263056":"0.6214953271028038"},{"0.7388781431334622":"0.6355140186915887"},{"0.7485493230174082":"0.6448598130841121"},{"0.7601547388781431":"0.6495327102803738"},{"0.7717601547388782":"0.6542056074766355"},{"0.7775628626692457":"0.6728971962616822"},{"0.7872340425531915":"0.6822429906542056"},{"0.7988394584139265":"0.6869158878504673"},{"0.8065764023210832":"0.7009345794392523"},{"0.816247582205029":"0.7102803738317757"},{"0.8278529980657641":"0.7149532710280374"},{"0.8355899419729207":"0.7289719626168224"},{"0.8471953578336557":"0.7336448598130841"},{"0.8588007736943907":"0.7383177570093458"},{"0.8723404255319149":"0.7383177570093458"},{"0.8762088974854932":"0.7616822429906542"},{"0.8800773694390716":"0.7850467289719626"},{"0.8897485493230174":"0.794392523364486"},{"0.8994197292069632":"0.8037383177570093"},{"0.90715667311412":"0.8177570093457944"},{"0.9148936170212766":"0.8317757009345794"},{"0.9226305609284333":"0.8457943925233645"},{"0.9342359767891683":"0.8504672897196262"},{"0.9400386847195358":"0.8691588785046729"},{"0.9497098646034816":"0.8785046728971962"},{"0.9593810444874274":"0.8878504672897196"},{"0.965183752417795":"0.9065420560747663"},{"0.97678916827853":"0.9112149532710281"},{"0.9825918762088974":"0.9299065420560748"},{"0.988394584139265":"0.9485981308411215"},{"0.9922630560928434":"0.9719626168224299"},{"0.9980657640232108":"0.9906542056074766"},{"1.0":"1.0"}]}],"xLabel":"False positive rate","yLabel":"True positive rate","type":"lines"}]},"versionSparta":"1.4.0","serializations":[{"lib":"mleap","libVersion":"0.15.0","mlModelVersionId":"ae918d1b-95eb-4893-b811-6652043851c3","deploymentSettings":{"dockerImage":"qa.int.stratio.com/stratio/intelligence-mleap-microservice:0.13.0","cpus":"1.0","mem":"1024","instances":1,"extraEnviron":{},"executionMode":"marathon","parametersLists":[]},"versionSparta":"1.4.0"},{"lib":"spark","libVersion":"2.4.4","mlModelVersionId":"ae918d1b-95eb-4893-b811-6652043851c3","versionSparta":"1.4.0"}],"serializationsWithBinary":[]}