{"exported":[{"assetName":"WF_Credit","groupName":"/home/data-scientist-esrios","assetType":"Workflow","icon":"BatchIcon","assetId":"4ddc3e5f-00e3-4d6c-9bfb-3ac6713f0773","assetVersionId":"b891e8c2-e7bf-445e-be8e-9056c9e2ff13","version":0}],"dependencies":{"assets":[{"assetName":"model","groupName":"/home/esrios-ds-practice","assetType":"MlModel","icon":"MlModelIcon","assetId":"6fc1bcfd-3f4e-4eb8-8880-2c9e24844b15","assetVersionId":"ae918d1b-95eb-4893-b811-6652043851c3","version":0}],"extensions":[],"templates":[],"parameterLists":[],"mocks":[],"gitConnections":[]}}